{
"meta":{"test_sets":[],"test_metrics":[],"learn_metrics":[{"best_value":"Min","name":"MultiClass"}],"launch_mode":"Train","parameters":"","iteration_count":1000,"learn_sets":["learn"],"name":"experiment"},
"iterations":[
{"learn":[1.852977776],"iteration":0,"passed_time":0.05253709886,"remaining_time":52.48456176},
{"learn":[1.78154423],"iteration":1,"passed_time":0.05525791072,"remaining_time":27.57369745},
{"learn":[1.704643157],"iteration":2,"passed_time":0.06713027593,"remaining_time":22.30962837},
{"learn":[1.621146912],"iteration":3,"passed_time":0.07644640584,"remaining_time":19.03515506},
{"learn":[1.538125034],"iteration":4,"passed_time":0.08350204212,"remaining_time":16.61690638},
{"learn":[1.481915418],"iteration":5,"passed_time":0.08830703007,"remaining_time":14.62953132},
{"learn":[1.410186111],"iteration":6,"passed_time":0.09118778025,"remaining_time":12.93563797},
{"learn":[1.359861816],"iteration":7,"passed_time":0.09640347045,"remaining_time":11.95403034},
{"learn":[1.312146969],"iteration":8,"passed_time":0.09932456335,"remaining_time":10.93673803},
{"learn":[1.256487975],"iteration":9,"passed_time":0.1036858583,"remaining_time":10.26489997},
{"learn":[1.209699335],"iteration":10,"passed_time":0.1087253447,"remaining_time":9.775396902},
{"learn":[1.166997524],"iteration":11,"passed_time":0.1116078608,"remaining_time":9.189047203},
{"learn":[1.118750902],"iteration":12,"passed_time":0.1144103267,"remaining_time":8.686384037},
{"learn":[1.082717204],"iteration":13,"passed_time":0.1190787678,"remaining_time":8.386547504},
{"learn":[1.041075585],"iteration":14,"passed_time":0.1204677114,"remaining_time":7.910713047},
{"learn":[1.022183671],"iteration":15,"passed_time":0.1212965215,"remaining_time":7.459736072},
{"learn":[0.9767965223],"iteration":16,"passed_time":0.1242085487,"remaining_time":7.182176666},
{"learn":[0.946228724],"iteration":17,"passed_time":0.1297216727,"remaining_time":7.077037921},
{"learn":[0.9078147458],"iteration":18,"passed_time":0.1325642627,"remaining_time":6.844502193},
{"learn":[0.88368926],"iteration":19,"passed_time":0.1371998524,"remaining_time":6.722792765},
{"learn":[0.8603396625],"iteration":20,"passed_time":0.1398841409,"remaining_time":6.521265425},
{"learn":[0.8329973395],"iteration":21,"passed_time":0.1453654888,"remaining_time":6.462156728},
{"learn":[0.807184347],"iteration":22,"passed_time":0.1470237163,"remaining_time":6.245311776},
{"learn":[0.787125209],"iteration":23,"passed_time":0.1520365488,"remaining_time":6.18281965},
{"learn":[0.763992804],"iteration":24,"passed_time":0.1573687515,"remaining_time":6.137381309},
{"learn":[0.7498145774],"iteration":25,"passed_time":0.158231207,"remaining_time":5.927584447},
{"learn":[0.7263018605],"iteration":26,"passed_time":0.1633455941,"remaining_time":5.886491225},
{"learn":[0.7011717363],"iteration":27,"passed_time":0.1674424788,"remaining_time":5.812646051},
{"learn":[0.6821380533],"iteration":28,"passed_time":0.1688000973,"remaining_time":5.651892915},
{"learn":[0.6608932214],"iteration":29,"passed_time":0.1743306326,"remaining_time":5.636690453},
{"learn":[0.6455758124],"iteration":30,"passed_time":0.1773509718,"remaining_time":5.543648119},
{"learn":[0.6323391677],"iteration":31,"passed_time":0.1822916774,"remaining_time":5.514323242},
{"learn":[0.6189892124],"iteration":32,"passed_time":0.1870914302,"remaining_time":5.48234585},
{"learn":[0.6062127266],"iteration":33,"passed_time":0.1926349283,"remaining_time":5.473098257},
{"learn":[0.5892994501],"iteration":34,"passed_time":0.1950041819,"remaining_time":5.376543873},
{"learn":[0.5772785452],"iteration":35,"passed_time":0.200505178,"remaining_time":5.369083099},
{"learn":[0.5651890867],"iteration":36,"passed_time":0.2062998125,"remaining_time":5.369370796},
{"learn":[0.5549664193],"iteration":37,"passed_time":0.207153808,"remaining_time":5.244262192},
{"learn":[0.5447380832],"iteration":38,"passed_time":0.2124246554,"remaining_time":5.23436138},
{"learn":[0.5333985564],"iteration":39,"passed_time":0.2173292454,"remaining_time":5.21590189},
{"learn":[0.5198599909],"iteration":40,"passed_time":0.2201600151,"remaining_time":5.14959645},
{"learn":[0.5061418729],"iteration":41,"passed_time":0.2235773534,"remaining_time":5.099692966},
{"learn":[0.4945767218],"iteration":42,"passed_time":0.2265483668,"remaining_time":5.042018302},
{"learn":[0.4882525478],"iteration":43,"passed_time":0.2270975644,"remaining_time":4.934210718},
{"learn":[0.4789523585],"iteration":44,"passed_time":0.2320458022,"remaining_time":4.924527581},
{"learn":[0.4745187607],"iteration":45,"passed_time":0.232505457,"remaining_time":4.821961001},
{"learn":[0.464360129],"iteration":46,"passed_time":0.236379295,"remaining_time":4.792967408},
{"learn":[0.4570301795],"iteration":47,"passed_time":0.2401005699,"remaining_time":4.761994636},
{"learn":[0.4475764587],"iteration":48,"passed_time":0.2468019871,"remaining_time":4.789973259},
{"learn":[0.4382574665],"iteration":49,"passed_time":0.2538761458,"remaining_time":4.82364677},
{"learn":[0.429029413],"iteration":50,"passed_time":0.2615146155,"remaining_time":4.866222944},
{"learn":[0.422974829],"iteration":51,"passed_time":0.2676950955,"remaining_time":4.88028751},
{"learn":[0.4180100641],"iteration":52,"passed_time":0.2688329146,"remaining_time":4.803486228},
{"learn":[0.4107966296],"iteration":53,"passed_time":0.2742881765,"remaining_time":4.8051225},
{"learn":[0.4033266399],"iteration":54,"passed_time":0.2758023875,"remaining_time":4.738786476},
{"learn":[0.3953901154],"iteration":55,"passed_time":0.2786123536,"remaining_time":4.696608247},
{"learn":[0.3896151808],"iteration":56,"passed_time":0.2838188515,"remaining_time":4.695459245},
{"learn":[0.3840030066],"iteration":57,"passed_time":0.2890307295,"remaining_time":4.694257711},
{"learn":[0.3762479383],"iteration":58,"passed_time":0.291852415,"remaining_time":4.654798687},
{"learn":[0.3707030597],"iteration":59,"passed_time":0.2946699871,"remaining_time":4.616496464},
{"learn":[0.3639028756],"iteration":60,"passed_time":0.2995943751,"remaining_time":4.611788824},
{"learn":[0.3595143998],"iteration":61,"passed_time":0.303419984,"remaining_time":4.590450726},
{"learn":[0.3547584282],"iteration":62,"passed_time":0.3112634323,"remaining_time":4.629425969},
{"learn":[0.3495870926],"iteration":63,"passed_time":0.3186950943,"remaining_time":4.660915754},
{"learn":[0.3455488631],"iteration":64,"passed_time":0.3233593346,"remaining_time":4.651399659},
{"learn":[0.3405568184],"iteration":65,"passed_time":0.3296815509,"remaining_time":4.665493463},
{"learn":[0.3362514565],"iteration":66,"passed_time":0.3360908759,"remaining_time":4.680190855},
{"learn":[0.3305773478],"iteration":67,"passed_time":0.341386871,"remaining_time":4.679008291},
{"learn":[0.3263187159],"iteration":68,"passed_time":0.3459672603,"remaining_time":4.668051005},
{"learn":[0.321876512],"iteration":69,"passed_time":0.3507083955,"remaining_time":4.65941154},
{"learn":[0.3166125452],"iteration":70,"passed_time":0.3531677368,"remaining_time":4.621025739},
{"learn":[0.3128471233],"iteration":71,"passed_time":0.35772165,"remaining_time":4.6106346},
{"learn":[0.3094738743],"iteration":72,"passed_time":0.3616612484,"remaining_time":4.592602428},
{"learn":[0.3063721795],"iteration":73,"passed_time":0.3663771045,"remaining_time":4.584664848},
{"learn":[0.3015994313],"iteration":74,"passed_time":0.3703969878,"remaining_time":4.568229516},
{"learn":[0.2979111008],"iteration":75,"passed_time":0.3753231249,"remaining_time":4.563139044},
{"learn":[0.2933196484],"iteration":76,"passed_time":0.3804173502,"remaining_time":4.560067718},
{"learn":[0.289585012],"iteration":77,"passed_time":0.3862961667,"remaining_time":4.566218791},
{"learn":[0.2865910578],"iteration":78,"passed_time":0.3897398955,"remaining_time":4.543676503},
{"learn":[0.282950547],"iteration":79,"passed_time":0.3952462228,"remaining_time":4.545331562},
{"learn":[0.2790107129],"iteration":80,"passed_time":0.4011008474,"remaining_time":4.550761467},
{"learn":[0.275183247],"iteration":81,"passed_time":0.4067862982,"remaining_time":4.554022216},
{"learn":[0.2710258786],"iteration":82,"passed_time":0.4096238036,"remaining_time":4.525602746},
{"learn":[0.2678537222],"iteration":83,"passed_time":0.4149309861,"remaining_time":4.52472361},
{"learn":[0.2647509463],"iteration":84,"passed_time":0.4210076928,"remaining_time":4.532023987},
{"learn":[0.2619235856],"iteration":85,"passed_time":0.4259920998,"remaining_time":4.527404409},
{"learn":[0.2590941577],"iteration":86,"passed_time":0.4316286957,"remaining_time":4.52962068},
{"learn":[0.2555373843],"iteration":87,"passed_time":0.4378554016,"remaining_time":4.537774162},
{"learn":[0.2525064979],"iteration":88,"passed_time":0.4424021896,"remaining_time":4.52840893},
{"learn":[0.2499232614],"iteration":89,"passed_time":0.4474450387,"remaining_time":4.524166503},
{"learn":[0.2465913895],"iteration":90,"passed_time":0.4533110582,"remaining_time":4.528129142},
{"learn":[0.2441535673],"iteration":91,"passed_time":0.458327815,"remaining_time":4.523496262},
{"learn":[0.240970261],"iteration":92,"passed_time":0.4634271554,"remaining_time":4.519660537},
{"learn":[0.238343324],"iteration":93,"passed_time":0.4699781655,"remaining_time":4.529789553},
{"learn":[0.2347687647],"iteration":94,"passed_time":0.4751789259,"remaining_time":4.526704504},
{"learn":[0.2324652448],"iteration":95,"passed_time":0.4809953342,"remaining_time":4.529372731},
{"learn":[0.2295505444],"iteration":96,"passed_time":0.4863299815,"remaining_time":4.527381168},
{"learn":[0.2272224877],"iteration":97,"passed_time":0.491543159,"remaining_time":4.524203362},
{"learn":[0.2244383123],"iteration":98,"passed_time":0.4967046936,"remaining_time":4.520514434},
{"learn":[0.2224553476],"iteration":99,"passed_time":0.5015674323,"remaining_time":4.51410689},
{"learn":[0.220491472],"iteration":100,"passed_time":0.5063407186,"remaining_time":4.506933723},
{"learn":[0.2182934161],"iteration":101,"passed_time":0.5108664234,"remaining_time":4.497627924},
{"learn":[0.216139176],"iteration":102,"passed_time":0.5163734895,"remaining_time":4.49696136},
{"learn":[0.2141651789],"iteration":103,"passed_time":0.5210814969,"remaining_time":4.489317512},
{"learn":[0.2118359728],"iteration":104,"passed_time":0.5253357384,"remaining_time":4.47786177},
{"learn":[0.2095601856],"iteration":105,"passed_time":0.5306972151,"remaining_time":4.475880286},
{"learn":[0.2073039518],"iteration":106,"passed_time":0.5365922754,"remaining_time":4.478288803},
{"learn":[0.2055160146],"iteration":107,"passed_time":0.5412721177,"remaining_time":4.47050675},
{"learn":[0.2034440469],"iteration":108,"passed_time":0.5469898942,"remaining_time":4.471266016},
{"learn":[0.201797917],"iteration":109,"passed_time":0.5525462181,"remaining_time":4.47060122},
{"learn":[0.1992676862],"iteration":110,"passed_time":0.5571027737,"remaining_time":4.461841134},
{"learn":[0.1976863546],"iteration":111,"passed_time":0.5625971485,"remaining_time":4.460591678},
{"learn":[0.1958382943],"iteration":112,"passed_time":0.5685631772,"remaining_time":4.462969364},
{"learn":[0.1941953065],"iteration":113,"passed_time":0.5729751112,"remaining_time":4.453122356},
{"learn":[0.1923900428],"iteration":114,"passed_time":0.5783747104,"remaining_time":4.450970598},
{"learn":[0.1903462797],"iteration":115,"passed_time":0.5840807027,"remaining_time":4.451097769},
{"learn":[0.1885250714],"iteration":116,"passed_time":0.5902216387,"remaining_time":4.454407752},
{"learn":[0.1865014766],"iteration":117,"passed_time":0.5935431158,"remaining_time":4.43648329},
{"learn":[0.1846980826],"iteration":118,"passed_time":0.5987393574,"remaining_time":4.432683814},
{"learn":[0.1831307458],"iteration":119,"passed_time":0.6034609846,"remaining_time":4.425380554},
{"learn":[0.1816888019],"iteration":120,"passed_time":0.6082450529,"remaining_time":4.418573566},
{"learn":[0.1798652349],"iteration":121,"passed_time":0.6127206971,"remaining_time":4.409580099},
{"learn":[0.1783031003],"iteration":122,"passed_time":0.6170032287,"remaining_time":4.399283183},
{"learn":[0.1769689833],"iteration":123,"passed_time":0.6210971497,"remaining_time":4.387750832},
{"learn":[0.175623279],"iteration":124,"passed_time":0.6259207266,"remaining_time":4.381445086},
{"learn":[0.174300704],"iteration":125,"passed_time":0.630801785,"remaining_time":4.375561588},
{"learn":[0.1727378984],"iteration":126,"passed_time":0.6352612591,"remaining_time":4.366795899},
{"learn":[0.1716748047],"iteration":127,"passed_time":0.6398741184,"remaining_time":4.359142431},
{"learn":[0.1704111191],"iteration":128,"passed_time":0.6442474804,"remaining_time":4.349919034},
{"learn":[0.1690799214],"iteration":129,"passed_time":0.6486788278,"remaining_time":4.341158309},
{"learn":[0.1678293116],"iteration":130,"passed_time":0.6529633096,"remaining_time":4.331489435},
{"learn":[0.166539305],"iteration":131,"passed_time":0.6574106268,"remaining_time":4.32297291},
{"learn":[0.1651490885],"iteration":132,"passed_time":0.6623587781,"remaining_time":4.31778241},
{"learn":[0.1637696233],"iteration":133,"passed_time":0.6663306726,"remaining_time":4.306286287},
{"learn":[0.1626902482],"iteration":134,"passed_time":0.6709422644,"remaining_time":4.299000435},
{"learn":[0.161271102],"iteration":135,"passed_time":0.6754672769,"remaining_time":4.291203877},
{"learn":[0.1601602543],"iteration":136,"passed_time":0.6806702086,"remaining_time":4.287725475},
{"learn":[0.1590066148],"iteration":137,"passed_time":0.6861979836,"remaining_time":4.286251173},
{"learn":[0.1579744869],"iteration":138,"passed_time":0.6917969177,"remaining_time":4.285159325},
{"learn":[0.156930396],"iteration":139,"passed_time":0.6978491634,"remaining_time":4.286787718},
{"learn":[0.1558768301],"iteration":140,"passed_time":0.7033796185,"remaining_time":4.285128314},
{"learn":[0.1548418034],"iteration":141,"passed_time":0.7099347364,"remaining_time":4.289605661},
{"learn":[0.1535211938],"iteration":142,"passed_time":0.7157408572,"remaining_time":4.289439962},
{"learn":[0.1526251863],"iteration":143,"passed_time":0.7207203743,"remaining_time":4.284282225},
{"learn":[0.1516531862],"iteration":144,"passed_time":0.7267054919,"remaining_time":4.285056521},
{"learn":[0.1504941417],"iteration":145,"passed_time":0.7319423245,"remaining_time":4.281361268},
{"learn":[0.1495136409],"iteration":146,"passed_time":0.7368289466,"remaining_time":4.275612867},
{"learn":[0.1483596901],"iteration":147,"passed_time":0.7427671843,"remaining_time":4.275930007},
{"learn":[0.1472857605],"iteration":148,"passed_time":0.7483066154,"remaining_time":4.273885434},
{"learn":[0.1460900486],"iteration":149,"passed_time":0.7536747822,"remaining_time":4.270823766},
{"learn":[0.1449227586],"iteration":150,"passed_time":0.7593255075,"remaining_time":4.269320238},
{"learn":[0.1437765096],"iteration":151,"passed_time":0.7644951512,"remaining_time":4.265078212},
{"learn":[0.1429214455],"iteration":152,"passed_time":0.7694986879,"remaining_time":4.259904501},
{"learn":[0.141907602],"iteration":153,"passed_time":0.7750695827,"remaining_time":4.257849785},
{"learn":[0.1408492465],"iteration":154,"passed_time":0.7804702083,"remaining_time":4.254821458},
{"learn":[0.140029103],"iteration":155,"passed_time":0.7862889225,"remaining_time":4.254024683},
{"learn":[0.1390056643],"iteration":156,"passed_time":0.7922257285,"remaining_time":4.25379802},
{"learn":[0.1382313167],"iteration":157,"passed_time":0.79782693,"remaining_time":4.251710601},
{"learn":[0.1373737062],"iteration":158,"passed_time":0.8039312064,"remaining_time":4.252239903},
{"learn":[0.1366282417],"iteration":159,"passed_time":0.8097730661,"remaining_time":4.251308597},
{"learn":[0.1358472041],"iteration":160,"passed_time":0.8150527221,"remaining_time":4.247386545},
{"learn":[0.1351219089],"iteration":161,"passed_time":0.8207467506,"remaining_time":4.245591216},
{"learn":[0.1341302019],"iteration":162,"passed_time":0.826593686,"remaining_time":4.244533222},
{"learn":[0.1332419775],"iteration":163,"passed_time":0.8314284719,"remaining_time":4.238257332},
{"learn":[0.1325907988],"iteration":164,"passed_time":0.836907993,"remaining_time":4.235261662},
{"learn":[0.1318735663],"iteration":165,"passed_time":0.8429250662,"remaining_time":4.234936778},
{"learn":[0.1311656097],"iteration":166,"passed_time":0.8481653705,"remaining_time":4.230669183},
{"learn":[0.1303207894],"iteration":167,"passed_time":0.8538668254,"remaining_time":4.228673802},
{"learn":[0.1296174732],"iteration":168,"passed_time":0.8586172035,"remaining_time":4.221957965},
{"learn":[0.1287953446],"iteration":169,"passed_time":0.8631069041,"remaining_time":4.213992532},
{"learn":[0.1281241059],"iteration":170,"passed_time":0.8677986229,"remaining_time":4.207047125},
{"learn":[0.1274476212],"iteration":171,"passed_time":0.8727537311,"remaining_time":4.201395868},
{"learn":[0.1267929927],"iteration":172,"passed_time":0.8771367405,"remaining_time":4.193017829},
{"learn":[0.1261132799],"iteration":173,"passed_time":0.8815572571,"remaining_time":4.184863761},
{"learn":[0.1255264802],"iteration":174,"passed_time":0.8863342883,"remaining_time":4.178433074},
{"learn":[0.1247220936],"iteration":175,"passed_time":0.89073986,"remaining_time":4.170282072},
{"learn":[0.1239967826],"iteration":176,"passed_time":0.8953767925,"remaining_time":4.163249154},
{"learn":[0.1232525817],"iteration":177,"passed_time":0.8998447498,"remaining_time":4.155462833},
{"learn":[0.1225886987],"iteration":178,"passed_time":0.9045215524,"remaining_time":4.148671478},
{"learn":[0.1219335634],"iteration":179,"passed_time":0.9087952337,"remaining_time":4.140067176},
{"learn":[0.1211528057],"iteration":180,"passed_time":0.9129748166,"remaining_time":4.131084943},
{"learn":[0.1204476974],"iteration":181,"passed_time":0.917142563,"remaining_time":4.122102289},
{"learn":[0.1197643162],"iteration":182,"passed_time":0.9215537528,"remaining_time":4.114259104},
{"learn":[0.1192349066],"iteration":183,"passed_time":0.9259746251,"remaining_time":4.106496164},
{"learn":[0.1186668042],"iteration":184,"passed_time":0.9304346376,"remaining_time":4.098941782},
{"learn":[0.118007274],"iteration":185,"passed_time":0.9351053229,"remaining_time":4.09234265},
{"learn":[0.1174079559],"iteration":186,"passed_time":0.9395451712,"remaining_time":4.084760557},
{"learn":[0.116853042],"iteration":187,"passed_time":0.9441662237,"remaining_time":4.077994541},
{"learn":[0.1160883023],"iteration":188,"passed_time":0.9483031283,"remaining_time":4.069173741},
{"learn":[0.1155572631],"iteration":189,"passed_time":0.9529194768,"remaining_time":4.062446191},
{"learn":[0.11486816],"iteration":190,"passed_time":0.957314994,"remaining_time":4.054805393},
{"learn":[0.1143265004],"iteration":191,"passed_time":0.9617914642,"remaining_time":4.047539079},
{"learn":[0.1138218616],"iteration":192,"passed_time":0.9667918618,"remaining_time":4.042492396},
{"learn":[0.1132177661],"iteration":193,"passed_time":0.9720799497,"remaining_time":4.038641441},
{"learn":[0.1125538508],"iteration":194,"passed_time":0.9768316602,"remaining_time":4.032561469},
{"learn":[0.1120176255],"iteration":195,"passed_time":0.9828463361,"remaining_time":4.031675787},
{"learn":[0.1114304517],"iteration":196,"passed_time":0.9890573151,"remaining_time":4.031538193},
{"learn":[0.1109485635],"iteration":197,"passed_time":0.9942456967,"remaining_time":4.027197216},
{"learn":[0.110316295],"iteration":198,"passed_time":1.000016796,"remaining_time":4.025193236},
{"learn":[0.1097631351],"iteration":199,"passed_time":1.005945472,"remaining_time":4.02378189},
{"learn":[0.109081683],"iteration":200,"passed_time":1.008663993,"remaining_time":4.009564827},
{"learn":[0.1085109721],"iteration":201,"passed_time":1.014724128,"remaining_time":4.008662644},
{"learn":[0.1079674667],"iteration":202,"passed_time":1.020560904,"remaining_time":4.006832712},
{"learn":[0.1075109312],"iteration":203,"passed_time":1.025498394,"remaining_time":4.001454519},
{"learn":[0.1070871782],"iteration":204,"passed_time":1.031247637,"remaining_time":3.999228641},
{"learn":[0.1066279505],"iteration":205,"passed_time":1.036768376,"remaining_time":3.99608782},
{"learn":[0.1061186693],"iteration":206,"passed_time":1.041706835,"remaining_time":3.990693333},
{"learn":[0.1056895321],"iteration":207,"passed_time":1.047304334,"remaining_time":3.987812655},
{"learn":[0.1051613186],"iteration":208,"passed_time":1.053538715,"remaining_time":3.987316382},
{"learn":[0.1047446347],"iteration":209,"passed_time":1.059416058,"remaining_time":3.985422315},
{"learn":[0.104211762],"iteration":210,"passed_time":1.065483013,"remaining_time":3.984199512},
{"learn":[0.1037192725],"iteration":211,"passed_time":1.071259952,"remaining_time":3.981853028},
{"learn":[0.1032784075],"iteration":212,"passed_time":1.076529291,"remaining_time":3.977598836},
{"learn":[0.1028073822],"iteration":213,"passed_time":1.082123694,"remaining_time":3.97452908},
{"learn":[0.1022581356],"iteration":214,"passed_time":1.087807081,"remaining_time":3.971760738},
{"learn":[0.1017714923],"iteration":215,"passed_time":1.093045277,"remaining_time":3.967349526},
{"learn":[0.1013838604],"iteration":216,"passed_time":1.098610638,"remaining_time":3.964111197},
{"learn":[0.100927595],"iteration":217,"passed_time":1.103795728,"remaining_time":3.959487427},
{"learn":[0.1005154798],"iteration":218,"passed_time":1.108812884,"remaining_time":3.954259647},
{"learn":[0.1001499007],"iteration":219,"passed_time":1.114535454,"remaining_time":3.951534793},
{"learn":[0.09977773517],"iteration":220,"passed_time":1.120614578,"remaining_time":3.950039623},
{"learn":[0.09940677795],"iteration":221,"passed_time":1.125755647,"remaining_time":3.945215735},
{"learn":[0.09895324015],"iteration":222,"passed_time":1.131412945,"remaining_time":3.942187706},
{"learn":[0.09859233297],"iteration":223,"passed_time":1.136873109,"remaining_time":3.938453271},
{"learn":[0.0982167682],"iteration":224,"passed_time":1.141948193,"remaining_time":3.933377108},
{"learn":[0.09785700422],"iteration":225,"passed_time":1.147513642,"remaining_time":3.929980348},
{"learn":[0.09752971187],"iteration":226,"passed_time":1.152427688,"remaining_time":3.924346269},
{"learn":[0.09718219509],"iteration":227,"passed_time":1.156544341,"remaining_time":3.916018557},
{"learn":[0.09683808517],"iteration":228,"passed_time":1.161666401,"remaining_time":3.911112642},
{"learn":[0.09651991422],"iteration":229,"passed_time":1.166323739,"remaining_time":3.904649039},
{"learn":[0.09610901193],"iteration":230,"passed_time":1.170858643,"remaining_time":3.897793492},
{"learn":[0.09574821435],"iteration":231,"passed_time":1.175383068,"remaining_time":3.890923261},
{"learn":[0.09541728785],"iteration":232,"passed_time":1.180257134,"remaining_time":3.885224127},
{"learn":[0.09498600894],"iteration":233,"passed_time":1.185242945,"remaining_time":3.879897844},
{"learn":[0.09466196747],"iteration":234,"passed_time":1.189721553,"remaining_time":3.872923354},
{"learn":[0.09434347572],"iteration":235,"passed_time":1.194382409,"remaining_time":3.866560003},
{"learn":[0.0939674042],"iteration":236,"passed_time":1.198993866,"remaining_time":3.860051981},
{"learn":[0.09359440541],"iteration":237,"passed_time":1.203291184,"remaining_time":3.852554128},
{"learn":[0.09327334882],"iteration":238,"passed_time":1.207968319,"remaining_time":3.846292431},
{"learn":[0.09293699125],"iteration":239,"passed_time":1.212298905,"remaining_time":3.838946531},
{"learn":[0.0925911512],"iteration":240,"passed_time":1.216798803,"remaining_time":3.832158886},
{"learn":[0.09228297695],"iteration":241,"passed_time":1.221203991,"remaining_time":3.825093492},
{"learn":[0.09192443524],"iteration":242,"passed_time":1.226010102,"remaining_time":3.81929896},
{"learn":[0.09160360773],"iteration":243,"passed_time":1.230788918,"remaining_time":3.813427961},
{"learn":[0.09128293934],"iteration":244,"passed_time":1.235590121,"remaining_time":3.807634864},
{"learn":[0.09100423347],"iteration":245,"passed_time":1.239859579,"remaining_time":3.80022001},
{"learn":[0.09062269399],"iteration":246,"passed_time":1.244348601,"remaining_time":3.793499986},
{"learn":[0.09031999649],"iteration":247,"passed_time":1.249498247,"remaining_time":3.788801136},
{"learn":[0.08996385633],"iteration":248,"passed_time":1.254808708,"remaining_time":3.784583694},
{"learn":[0.08969197442],"iteration":249,"passed_time":1.259631174,"remaining_time":3.778893521},
{"learn":[0.08941362418],"iteration":250,"passed_time":1.263890154,"remaining_time":3.771528785},
{"learn":[0.08904962546],"iteration":251,"passed_time":1.268701286,"remaining_time":3.765827627},
{"learn":[0.08875505578],"iteration":252,"passed_time":1.272958103,"remaining_time":3.758496849},
{"learn":[0.08840635184],"iteration":253,"passed_time":1.278233884,"remaining_time":3.754182982},
{"learn":[0.08804798349],"iteration":254,"passed_time":1.28274329,"remaining_time":3.747622554},
{"learn":[0.08761910061],"iteration":255,"passed_time":1.287259513,"remaining_time":3.741097959},
{"learn":[0.08735474851],"iteration":256,"passed_time":1.291621153,"remaining_time":3.734142089},
{"learn":[0.08712018406],"iteration":257,"passed_time":1.295598034,"remaining_time":3.726099774},
{"learn":[0.08689938719],"iteration":258,"passed_time":1.299583447,"remaining_time":3.71811326},
{"learn":[0.08656102449],"iteration":259,"passed_time":1.304009452,"remaining_time":3.711411517},
{"learn":[0.08629984616],"iteration":260,"passed_time":1.308855872,"remaining_time":3.705917583},
{"learn":[0.08596813725],"iteration":261,"passed_time":1.31281816,"remaining_time":3.697938175},
{"learn":[0.08571187068],"iteration":262,"passed_time":1.317075547,"remaining_time":3.690816268},
{"learn":[0.08544336821],"iteration":263,"passed_time":1.321335789,"remaining_time":3.683724019},
{"learn":[0.08513121775],"iteration":264,"passed_time":1.326022458,"remaining_time":3.677835874},
{"learn":[0.08482819241],"iteration":265,"passed_time":1.330068019,"remaining_time":3.67018769},
{"learn":[0.08458822549],"iteration":266,"passed_time":1.334186095,"remaining_time":3.66276557},
{"learn":[0.08434300051],"iteration":267,"passed_time":1.338695946,"remaining_time":3.65643818},
{"learn":[0.08403232971],"iteration":268,"passed_time":1.343391024,"remaining_time":3.650627653},
{"learn":[0.083781671],"iteration":269,"passed_time":1.348285215,"remaining_time":3.64536373},
{"learn":[0.0834713927],"iteration":270,"passed_time":1.352836909,"remaining_time":3.639181205},
{"learn":[0.08318355471],"iteration":271,"passed_time":1.35750721,"remaining_time":3.633328122},
{"learn":[0.08287963107],"iteration":272,"passed_time":1.361606721,"remaining_time":3.625963685},
{"learn":[0.08265631714],"iteration":273,"passed_time":1.365801813,"remaining_time":3.618876338},
{"learn":[0.08237286752],"iteration":274,"passed_time":1.370383297,"remaining_time":3.612828692},
{"learn":[0.08211136193],"iteration":275,"passed_time":1.374936761,"remaining_time":3.60671817},
{"learn":[0.08189177537],"iteration":276,"passed_time":1.379788007,"remaining_time":3.601396133},
{"learn":[0.0816007552],"iteration":277,"passed_time":1.384538566,"remaining_time":3.595815988},
{"learn":[0.0813315777],"iteration":278,"passed_time":1.389280111,"remaining_time":3.590218496},
{"learn":[0.08109916208],"iteration":279,"passed_time":1.39392507,"remaining_time":3.584378751},
{"learn":[0.08088716519],"iteration":280,"passed_time":1.398511927,"remaining_time":3.578398846},
{"learn":[0.08067044786],"iteration":281,"passed_time":1.403113161,"remaining_time":3.572465424},
{"learn":[0.08041936893],"iteration":282,"passed_time":1.407623271,"remaining_time":3.566310548},
{"learn":[0.08021245337],"iteration":283,"passed_time":1.412393369,"remaining_time":3.560822719},
{"learn":[0.07998910386],"iteration":284,"passed_time":1.416617629,"remaining_time":3.553970543},
{"learn":[0.0796977178],"iteration":285,"passed_time":1.42107441,"remaining_time":3.547717234},
{"learn":[0.07947851334],"iteration":286,"passed_time":1.425661772,"remaining_time":3.541800848},
{"learn":[0.07921527941],"iteration":287,"passed_time":1.429914194,"remaining_time":3.535065646},
{"learn":[0.07901702055],"iteration":288,"passed_time":1.434433897,"remaining_time":3.529005192},
{"learn":[0.07877111862],"iteration":289,"passed_time":1.439118115,"remaining_time":3.523358144},
{"learn":[0.07856444841],"iteration":290,"passed_time":1.443625745,"remaining_time":3.517287467},
{"learn":[0.07832212144],"iteration":291,"passed_time":1.447652478,"remaining_time":3.510061489},
{"learn":[0.0781243469],"iteration":292,"passed_time":1.452016893,"remaining_time":3.503672162},
{"learn":[0.07786326422],"iteration":293,"passed_time":1.457073803,"remaining_time":3.49895954},
{"learn":[0.07762591314],"iteration":294,"passed_time":1.461533412,"remaining_time":3.492817136},
{"learn":[0.07740339014],"iteration":295,"passed_time":1.46590286,"remaining_time":3.486471666},
{"learn":[0.07718043812],"iteration":296,"passed_time":1.470469602,"remaining_time":3.480606499},
{"learn":[0.07698158764],"iteration":297,"passed_time":1.475062769,"remaining_time":3.474812294},
{"learn":[0.07678323666],"iteration":298,"passed_time":1.480152039,"remaining_time":3.470189228},
{"learn":[0.07657920952],"iteration":299,"passed_time":1.484646741,"remaining_time":3.464175728},
{"learn":[0.07639949512],"iteration":300,"passed_time":1.489651212,"remaining_time":3.459356136},
{"learn":[0.07622111283],"iteration":301,"passed_time":1.494561257,"remaining_time":3.454317078},
{"learn":[0.07599933883],"iteration":302,"passed_time":1.499422089,"remaining_time":3.449165663},
{"learn":[0.07582375359],"iteration":303,"passed_time":1.504132968,"remaining_time":3.443672847},
{"learn":[0.07563843498],"iteration":304,"passed_time":1.509136258,"remaining_time":3.438851473},
{"learn":[0.07548998415],"iteration":305,"passed_time":1.514019669,"remaining_time":3.433757026},
{"learn":[0.07532299452],"iteration":306,"passed_time":1.518960139,"remaining_time":3.428792758},
{"learn":[0.07514899161],"iteration":307,"passed_time":1.525158181,"remaining_time":3.426654095},
{"learn":[0.07494633467],"iteration":308,"passed_time":1.530042688,"remaining_time":3.421551771},
{"learn":[0.07477501544],"iteration":309,"passed_time":1.535195871,"remaining_time":3.417048875},
{"learn":[0.07455072991],"iteration":310,"passed_time":1.541024812,"remaining_time":3.414038891},
{"learn":[0.07437023095],"iteration":311,"passed_time":1.546154904,"remaining_time":3.409469789},
{"learn":[0.07414960841],"iteration":312,"passed_time":1.550759064,"remaining_time":3.403742737},
{"learn":[0.07397207551],"iteration":313,"passed_time":1.55626215,"remaining_time":3.399986736},
{"learn":[0.0738046905],"iteration":314,"passed_time":1.561075746,"remaining_time":3.394720274},
{"learn":[0.07362973424],"iteration":315,"passed_time":1.565755356,"remaining_time":3.389166656},
{"learn":[0.07343911863],"iteration":316,"passed_time":1.572131245,"remaining_time":3.387273314},
{"learn":[0.07328068243],"iteration":317,"passed_time":1.577503013,"remaining_time":3.383198285},
{"learn":[0.0731180199],"iteration":318,"passed_time":1.584013923,"remaining_time":3.381546964},
{"learn":[0.07290875996],"iteration":319,"passed_time":1.590279581,"remaining_time":3.379344109},
{"learn":[0.0727551847],"iteration":320,"passed_time":1.595661294,"remaining_time":3.375246165},
{"learn":[0.07260118718],"iteration":321,"passed_time":1.602526255,"remaining_time":3.374263356},
{"learn":[0.07243833084],"iteration":322,"passed_time":1.607901264,"remaining_time":3.370121225},
{"learn":[0.07223425389],"iteration":323,"passed_time":1.61214475,"remaining_time":3.363610651},
{"learn":[0.0720835967],"iteration":324,"passed_time":1.617450327,"remaining_time":3.359319911},
{"learn":[0.07192074338],"iteration":325,"passed_time":1.623000339,"remaining_time":3.355528309},
{"learn":[0.07176942449],"iteration":326,"passed_time":1.627836075,"remaining_time":3.350255897},
{"learn":[0.07160304871],"iteration":327,"passed_time":1.632981167,"remaining_time":3.345619953},
{"learn":[0.07141899981],"iteration":328,"passed_time":1.638903995,"remaining_time":3.342567115},
{"learn":[0.07126181042],"iteration":329,"passed_time":1.64390877,"remaining_time":3.337632957},
{"learn":[0.07111485482],"iteration":330,"passed_time":1.649283763,"remaining_time":3.333446639},
{"learn":[0.07093298863],"iteration":331,"passed_time":1.654914708,"remaining_time":3.329768148},
{"learn":[0.07078559048],"iteration":332,"passed_time":1.660069884,"remaining_time":3.325124964},
{"learn":[0.07063923799],"iteration":333,"passed_time":1.665642547,"remaining_time":3.321311186},
{"learn":[0.07048623322],"iteration":334,"passed_time":1.671262605,"remaining_time":3.317580991},
{"learn":[0.07034415386],"iteration":335,"passed_time":1.676405942,"remaining_time":3.312897457},
{"learn":[0.07017687368],"iteration":336,"passed_time":1.681496255,"remaining_time":3.308106876},
{"learn":[0.07003441361],"iteration":337,"passed_time":1.68682203,"remaining_time":3.303775693},
{"learn":[0.06989549045],"iteration":338,"passed_time":1.691760876,"remaining_time":3.298684185},
{"learn":[0.06974963068],"iteration":339,"passed_time":1.696660966,"remaining_time":3.293518346},
{"learn":[0.06960565179],"iteration":340,"passed_time":1.702284228,"remaining_time":3.289751632},
{"learn":[0.06947138092],"iteration":341,"passed_time":1.70745247,"remaining_time":3.285098613},
{"learn":[0.06929768076],"iteration":342,"passed_time":1.712178983,"remaining_time":3.279596477},
{"learn":[0.06916066501],"iteration":343,"passed_time":1.717924215,"remaining_time":3.276041527},
{"learn":[0.06902904955],"iteration":344,"passed_time":1.723594731,"remaining_time":3.272332025},
{"learn":[0.06886451781],"iteration":345,"passed_time":1.728648687,"remaining_time":3.267445784},
{"learn":[0.06869259626],"iteration":346,"passed_time":1.734667378,"remaining_time":3.264374057},
{"learn":[0.06853067944],"iteration":347,"passed_time":1.740172636,"remaining_time":3.260323445},
{"learn":[0.06839899574],"iteration":348,"passed_time":1.744824127,"remaining_time":3.254671939},
{"learn":[0.06823908529],"iteration":349,"passed_time":1.749861386,"remaining_time":3.249742574},
{"learn":[0.06810174653],"iteration":350,"passed_time":1.754452974,"remaining_time":3.243988547},
{"learn":[0.06796534904],"iteration":351,"passed_time":1.758923752,"remaining_time":3.238018726},
{"learn":[0.06784641215],"iteration":352,"passed_time":1.764082765,"remaining_time":3.233318836},
{"learn":[0.06772259531],"iteration":353,"passed_time":1.768726656,"remaining_time":3.227676328},
{"learn":[0.06755964696],"iteration":354,"passed_time":1.773592305,"remaining_time":3.222442357},
{"learn":[0.06742675771],"iteration":355,"passed_time":1.778701979,"remaining_time":3.217651895},
{"learn":[0.06731088081],"iteration":356,"passed_time":1.782959375,"remaining_time":3.211324588},
{"learn":[0.06718044893],"iteration":357,"passed_time":1.787282887,"remaining_time":3.205127413},
{"learn":[0.06702955682],"iteration":358,"passed_time":1.792073075,"remaining_time":3.19977393},
{"learn":[0.06690003032],"iteration":359,"passed_time":1.796822479,"remaining_time":3.194351074},
{"learn":[0.06677957463],"iteration":360,"passed_time":1.801541268,"remaining_time":3.188877758},
{"learn":[0.06666307556],"iteration":361,"passed_time":1.805803357,"remaining_time":3.182603707},
{"learn":[0.06654404035],"iteration":362,"passed_time":1.810458453,"remaining_time":3.177030398},
{"learn":[0.06641760852],"iteration":363,"passed_time":1.815113288,"remaining_time":3.171461679},
{"learn":[0.0662941125],"iteration":364,"passed_time":1.819417476,"remaining_time":3.165287938},
{"learn":[0.06617502874],"iteration":365,"passed_time":1.823598257,"remaining_time":3.158910642},
{"learn":[0.06606015834],"iteration":366,"passed_time":1.828610536,"remaining_time":3.15397948},
{"learn":[0.06595182078],"iteration":367,"passed_time":1.833122175,"remaining_time":3.148188082},
{"learn":[0.06578562385],"iteration":368,"passed_time":1.837439443,"remaining_time":3.142071242},
{"learn":[0.06563430112],"iteration":369,"passed_time":1.841461265,"remaining_time":3.135461073},
{"learn":[0.06552114024],"iteration":370,"passed_time":1.845837424,"remaining_time":3.129465606},
{"learn":[0.06540889657],"iteration":371,"passed_time":1.85038016,"remaining_time":3.123760055},
{"learn":[0.06526310553],"iteration":372,"passed_time":1.854835397,"remaining_time":3.117913656},
{"learn":[0.06512562032],"iteration":373,"passed_time":1.859379633,"remaining_time":3.112223663},
{"learn":[0.06498914467],"iteration":374,"passed_time":1.864255164,"remaining_time":3.107091941},
{"learn":[0.06488641069],"iteration":375,"passed_time":1.869190069,"remaining_time":3.102060115},
{"learn":[0.06477002279],"iteration":376,"passed_time":1.874095395,"remaining_time":3.096979923},
{"learn":[0.06466169639],"iteration":377,"passed_time":1.879866176,"remaining_time":3.093324765},
{"learn":[0.06454668374],"iteration":378,"passed_time":1.885343076,"remaining_time":3.089176913},
{"learn":[0.06443421501],"iteration":379,"passed_time":1.890984775,"remaining_time":3.085290948},
{"learn":[0.06432122492],"iteration":380,"passed_time":1.896447716,"remaining_time":3.081105345},
{"learn":[0.06421010483],"iteration":381,"passed_time":1.901808011,"remaining_time":3.076746992},
{"learn":[0.06407293801],"iteration":382,"passed_time":1.907091167,"remaining_time":3.072259138},
{"learn":[0.06396146223],"iteration":383,"passed_time":1.912873871,"remaining_time":3.068568501},
{"learn":[0.06386047639],"iteration":384,"passed_time":1.918208676,"remaining_time":3.064151522},
{"learn":[0.06375030717],"iteration":385,"passed_time":1.923328437,"remaining_time":3.059387721},
{"learn":[0.06362793544],"iteration":386,"passed_time":1.928769403,"remaining_time":3.055130863},
{"learn":[0.06350154678],"iteration":387,"passed_time":1.934293214,"remaining_time":3.050998574},
{"learn":[0.06340011692],"iteration":388,"passed_time":1.939218156,"remaining_time":3.045918492},
{"learn":[0.06329965767],"iteration":389,"passed_time":1.944654265,"remaining_time":3.041638723},
{"learn":[0.06318105651],"iteration":390,"passed_time":1.94965167,"remaining_time":3.036669736},
{"learn":[0.06308133606],"iteration":391,"passed_time":1.954469654,"remaining_time":3.03142232},
{"learn":[0.06298388232],"iteration":392,"passed_time":1.960596437,"remaining_time":3.028198569},
{"learn":[0.06288527854],"iteration":393,"passed_time":1.966295682,"remaining_time":3.024302495},
{"learn":[0.06278891423],"iteration":394,"passed_time":1.971861517,"remaining_time":3.020192956},
{"learn":[0.06267270505],"iteration":395,"passed_time":1.978839509,"remaining_time":3.018229958},
{"learn":[0.06257961049],"iteration":396,"passed_time":1.984352253,"remaining_time":3.014016142},
{"learn":[0.06249328591],"iteration":397,"passed_time":1.990002483,"remaining_time":3.010003755},
{"learn":[0.06239121096],"iteration":398,"passed_time":1.995042501,"remaining_time":3.005064018},
{"learn":[0.06229838868],"iteration":399,"passed_time":2.001179768,"remaining_time":3.001769652},
{"learn":[0.06220608134],"iteration":400,"passed_time":2.008112391,"remaining_time":2.999649183},
{"learn":[0.06210672064],"iteration":401,"passed_time":2.013744584,"remaining_time":2.995570301},
{"learn":[0.06198403209],"iteration":402,"passed_time":2.018778734,"remaining_time":2.990597777},
{"learn":[0.06188860682],"iteration":403,"passed_time":2.025489827,"remaining_time":2.988098853},
{"learn":[0.06178990104],"iteration":404,"passed_time":2.032740211,"remaining_time":2.986371421},
{"learn":[0.06169136925],"iteration":405,"passed_time":2.037844396,"remaining_time":2.981476776},
{"learn":[0.06158188906],"iteration":406,"passed_time":2.044142033,"remaining_time":2.978319964},
{"learn":[0.06148451235],"iteration":407,"passed_time":2.049530937,"remaining_time":2.973829202},
{"learn":[0.06137783866],"iteration":408,"passed_time":2.055237659,"remaining_time":2.969793293},
{"learn":[0.06126600568],"iteration":409,"passed_time":2.060662358,"remaining_time":2.965343393},
{"learn":[0.06118373615],"iteration":410,"passed_time":2.065931953,"remaining_time":2.960666472},
{"learn":[0.06110371553],"iteration":411,"passed_time":2.071623901,"remaining_time":2.956589451},
{"learn":[0.06101288109],"iteration":412,"passed_time":2.077392246,"remaining_time":2.952613193},
{"learn":[0.06092594993],"iteration":413,"passed_time":2.082650946,"remaining_time":2.947906894},
{"learn":[0.06083249978],"iteration":414,"passed_time":2.088466574,"remaining_time":2.943983003},
{"learn":[0.06073918159],"iteration":415,"passed_time":2.093198778,"remaining_time":2.938529053},
{"learn":[0.06064766112],"iteration":416,"passed_time":2.097792241,"remaining_time":2.932884596},
{"learn":[0.06057013323],"iteration":417,"passed_time":2.102329703,"remaining_time":2.927167194},
{"learn":[0.06047824272],"iteration":418,"passed_time":2.107144245,"remaining_time":2.921839633},
{"learn":[0.06038723957],"iteration":419,"passed_time":2.111773841,"remaining_time":2.916259114},
{"learn":[0.06030345501],"iteration":420,"passed_time":2.116334772,"remaining_time":2.910588677},
{"learn":[0.06021889482],"iteration":421,"passed_time":2.121404682,"remaining_time":2.90562063},
{"learn":[0.06013262256],"iteration":422,"passed_time":2.125615364,"remaining_time":2.899480059},
{"learn":[0.06005389182],"iteration":423,"passed_time":2.129833569,"remaining_time":2.893358811},
{"learn":[0.05996339055],"iteration":424,"passed_time":2.134010913,"remaining_time":2.887191235},
{"learn":[0.05986517146],"iteration":425,"passed_time":2.139275896,"remaining_time":2.882498507},
{"learn":[0.05978823864],"iteration":426,"passed_time":2.144110103,"remaining_time":2.877225033},
{"learn":[0.0596828617],"iteration":427,"passed_time":2.148248297,"remaining_time":2.871023425},
{"learn":[0.05958463815],"iteration":428,"passed_time":2.153663004,"remaining_time":2.866530478},
{"learn":[0.05950470436],"iteration":429,"passed_time":2.159102692,"remaining_time":2.862066359},
{"learn":[0.05942603843],"iteration":430,"passed_time":2.163885025,"remaining_time":2.856729883},
{"learn":[0.05932293472],"iteration":431,"passed_time":2.169043954,"remaining_time":2.851891125},
{"learn":[0.05922728846],"iteration":432,"passed_time":2.175101419,"remaining_time":2.848227493},
{"learn":[0.05912784141],"iteration":433,"passed_time":2.180515701,"remaining_time":2.843714024},
{"learn":[0.05902436724],"iteration":434,"passed_time":2.186293231,"remaining_time":2.839668219},
{"learn":[0.05892674132],"iteration":435,"passed_time":2.192146043,"remaining_time":2.835711854},
{"learn":[0.05883349777],"iteration":436,"passed_time":2.196803006,"remaining_time":2.830206161},
{"learn":[0.05872984424],"iteration":437,"passed_time":2.201841013,"remaining_time":2.825193264},
{"learn":[0.05863985693],"iteration":438,"passed_time":2.206696796,"remaining_time":2.819947386},
{"learn":[0.0585497761],"iteration":439,"passed_time":2.211126949,"remaining_time":2.814161572},
{"learn":[0.05847816651],"iteration":440,"passed_time":2.215451057,"remaining_time":2.808247485},
{"learn":[0.05840342074],"iteration":441,"passed_time":2.220618216,"remaining_time":2.803404897},
{"learn":[0.05831955005],"iteration":442,"passed_time":2.224728328,"remaining_time":2.79723178},
{"learn":[0.05824240473],"iteration":443,"passed_time":2.229005822,"remaining_time":2.791277561},
{"learn":[0.05816340088],"iteration":444,"passed_time":2.233568477,"remaining_time":2.785686528},
{"learn":[0.05807449065],"iteration":445,"passed_time":2.238170626,"remaining_time":2.780149163},
{"learn":[0.05796556823],"iteration":446,"passed_time":2.242283201,"remaining_time":2.774010314},
{"learn":[0.05789185029],"iteration":447,"passed_time":2.246868108,"remaining_time":2.76846249},
{"learn":[0.05781351259],"iteration":448,"passed_time":2.252085929,"remaining_time":2.76369565},
{"learn":[0.05774052204],"iteration":449,"passed_time":2.256332679,"remaining_time":2.757739941},
{"learn":[0.05766993365],"iteration":450,"passed_time":2.261349117,"remaining_time":2.752728748},
{"learn":[0.05759891644],"iteration":451,"passed_time":2.266779315,"remaining_time":2.748219169},
{"learn":[0.05752206001],"iteration":452,"passed_time":2.272097416,"remaining_time":2.743570169},
{"learn":[0.05745172962],"iteration":453,"passed_time":2.276803276,"remaining_time":2.738181914},
{"learn":[0.05737561577],"iteration":454,"passed_time":2.281161125,"remaining_time":2.732379809},
{"learn":[0.0573092276],"iteration":455,"passed_time":2.285906769,"remaining_time":2.727046671},
{"learn":[0.05722149132],"iteration":456,"passed_time":2.290076199,"remaining_time":2.721031457},
{"learn":[0.05715386431],"iteration":457,"passed_time":2.294174517,"remaining_time":2.714940149},
{"learn":[0.05707043367],"iteration":458,"passed_time":2.298947914,"remaining_time":2.709653206},
{"learn":[0.05700287587],"iteration":459,"passed_time":2.303790686,"remaining_time":2.704449936},
{"learn":[0.05692063008],"iteration":460,"passed_time":2.308534653,"remaining_time":2.699132708},
{"learn":[0.05683453851],"iteration":461,"passed_time":2.312706876,"remaining_time":2.693152163},
{"learn":[0.05676602385],"iteration":462,"passed_time":2.317515291,"remaining_time":2.687917303},
{"learn":[0.05669906632],"iteration":463,"passed_time":2.322066872,"remaining_time":2.682387593},
{"learn":[0.05661011104],"iteration":464,"passed_time":2.326145265,"remaining_time":2.676317671},
{"learn":[0.05654511529],"iteration":465,"passed_time":2.330577235,"remaining_time":2.670661466},
{"learn":[0.05648224183],"iteration":466,"passed_time":2.335256412,"remaining_time":2.66529265},
{"learn":[0.05639860095],"iteration":467,"passed_time":2.339802448,"remaining_time":2.659775432},
{"learn":[0.05631598088],"iteration":468,"passed_time":2.343961407,"remaining_time":2.653824109},
{"learn":[0.05625021508],"iteration":469,"passed_time":2.349046163,"remaining_time":2.648924397},
{"learn":[0.05617978956],"iteration":470,"passed_time":2.353399212,"remaining_time":2.643202087},
{"learn":[0.0561166314],"iteration":471,"passed_time":2.357702506,"remaining_time":2.637429922},
{"learn":[0.05604008416],"iteration":472,"passed_time":2.362324909,"remaining_time":2.632019508},
{"learn":[0.05597141666],"iteration":473,"passed_time":2.367584452,"remaining_time":2.627319456},
{"learn":[0.05589430644],"iteration":474,"passed_time":2.373957837,"remaining_time":2.623848135},
{"learn":[0.05582588193],"iteration":475,"passed_time":2.37995706,"remaining_time":2.619952729},
{"learn":[0.05575779716],"iteration":476,"passed_time":2.385932493,"remaining_time":2.616022419},
{"learn":[0.05567866375],"iteration":477,"passed_time":2.39137335,"remaining_time":2.611499767},
{"learn":[0.05560607527],"iteration":478,"passed_time":2.397806088,"remaining_time":2.608052133},
{"learn":[0.0555386442],"iteration":479,"passed_time":2.404591843,"remaining_time":2.604974497},
{"learn":[0.05547814906],"iteration":480,"passed_time":2.410881436,"remaining_time":2.601346081},
{"learn":[0.05541203167],"iteration":481,"passed_time":2.417130211,"remaining_time":2.597662758},
{"learn":[0.05534551369],"iteration":482,"passed_time":2.423401974,"remaining_time":2.593993417},
{"learn":[0.05527250293],"iteration":483,"passed_time":2.429601924,"remaining_time":2.590236762},
{"learn":[0.05520663089],"iteration":484,"passed_time":2.436313038,"remaining_time":2.587012813},
{"learn":[0.05514108068],"iteration":485,"passed_time":2.443860898,"remaining_time":2.584659469},
{"learn":[0.05508146247],"iteration":486,"passed_time":2.451763205,"remaining_time":2.582658161},
{"learn":[0.05500532634],"iteration":487,"passed_time":2.458381458,"remaining_time":2.579285464},
{"learn":[0.05494439831],"iteration":488,"passed_time":2.465299371,"remaining_time":2.576212635},
{"learn":[0.05488588621],"iteration":489,"passed_time":2.47271166,"remaining_time":2.573638667},
{"learn":[0.05481135081],"iteration":490,"passed_time":2.480774517,"remaining_time":2.571719407},
{"learn":[0.05473722913],"iteration":491,"passed_time":2.489157632,"remaining_time":2.570105848},
{"learn":[0.05466642168],"iteration":492,"passed_time":2.496831908,"remaining_time":2.567735857},
{"learn":[0.05460389957],"iteration":493,"passed_time":2.503684409,"remaining_time":2.564502653},
{"learn":[0.05452680338],"iteration":494,"passed_time":2.511514928,"remaining_time":2.562252603},
{"learn":[0.05445615485],"iteration":495,"passed_time":2.518466007,"remaining_time":2.559086427},
{"learn":[0.05439787386],"iteration":496,"passed_time":2.526445514,"remaining_time":2.556945863},
{"learn":[0.05434088722],"iteration":497,"passed_time":2.534226099,"remaining_time":2.554581328},
{"learn":[0.05426924311],"iteration":498,"passed_time":2.540791231,"remaining_time":2.550974763},
{"learn":[0.05421386147],"iteration":499,"passed_time":2.547560607,"remaining_time":2.547560607},
{"learn":[0.05415297219],"iteration":500,"passed_time":2.554804181,"remaining_time":2.544605362},
{"learn":[0.05409598401],"iteration":501,"passed_time":2.561028816,"remaining_time":2.540622212},
{"learn":[0.05403770371],"iteration":502,"passed_time":2.566532903,"remaining_time":2.535918196},
{"learn":[0.05398120205],"iteration":503,"passed_time":2.572056363,"remaining_time":2.531230072},
{"learn":[0.05391321225],"iteration":504,"passed_time":2.579727491,"remaining_time":2.528643778},
{"learn":[0.05385722055],"iteration":505,"passed_time":2.588970233,"remaining_time":2.527571729},
{"learn":[0.05379767091],"iteration":506,"passed_time":2.598837606,"remaining_time":2.527074832},
{"learn":[0.05373839882],"iteration":507,"passed_time":2.604068121,"remaining_time":2.522050227},
{"learn":[0.05367962528],"iteration":508,"passed_time":2.610570682,"remaining_time":2.518251876},
{"learn":[0.05362557714],"iteration":509,"passed_time":2.616312518,"remaining_time":2.513712028},
{"learn":[0.05356706851],"iteration":510,"passed_time":2.621580845,"remaining_time":2.508714351},
{"learn":[0.0535134799],"iteration":511,"passed_time":2.627184341,"remaining_time":2.504035075},
{"learn":[0.05344595663],"iteration":512,"passed_time":2.632619187,"remaining_time":2.499192093},
{"learn":[0.05337545633],"iteration":513,"passed_time":2.636845926,"remaining_time":2.493204514},
{"learn":[0.05332571377],"iteration":514,"passed_time":2.642042965,"remaining_time":2.48813755},
{"learn":[0.05326183951],"iteration":515,"passed_time":2.646878365,"remaining_time":2.48273087},
{"learn":[0.05319188101],"iteration":516,"passed_time":2.651475991,"remaining_time":2.477104262},
{"learn":[0.05313974608],"iteration":517,"passed_time":2.656234201,"remaining_time":2.471631052},
{"learn":[0.05308331529],"iteration":518,"passed_time":2.660722663,"remaining_time":2.465910599},
{"learn":[0.05302559565],"iteration":519,"passed_time":2.66513802,"remaining_time":2.460127403},
{"learn":[0.05297168673],"iteration":520,"passed_time":2.669370675,"remaining_time":2.454181484},
{"learn":[0.05290363443],"iteration":521,"passed_time":2.674046712,"remaining_time":2.448648139},
{"learn":[0.05284317841],"iteration":522,"passed_time":2.678756577,"remaining_time":2.443148924},
{"learn":[0.05279144895],"iteration":523,"passed_time":2.683302568,"remaining_time":2.437503859},
{"learn":[0.05273848291],"iteration":524,"passed_time":2.687731984,"remaining_time":2.431757509},
{"learn":[0.05268809114],"iteration":525,"passed_time":2.692182097,"remaining_time":2.426034817},
{"learn":[0.0526196347],"iteration":526,"passed_time":2.696749823,"remaining_time":2.420422516},
{"learn":[0.05256557776],"iteration":527,"passed_time":2.700836458,"remaining_time":2.414384107},
{"learn":[0.05250269968],"iteration":528,"passed_time":2.705703298,"remaining_time":2.409047738},
{"learn":[0.05245321906],"iteration":529,"passed_time":2.710191454,"remaining_time":2.403377327},
{"learn":[0.05239089372],"iteration":530,"passed_time":2.714799888,"remaining_time":2.397817603},
{"learn":[0.05232888651],"iteration":531,"passed_time":2.719187868,"remaining_time":2.392067523},
{"learn":[0.05227581017],"iteration":532,"passed_time":2.723971085,"remaining_time":2.38666885},
{"learn":[0.05221228807],"iteration":533,"passed_time":2.7283451,"remaining_time":2.380915387},
{"learn":[0.05216161462],"iteration":534,"passed_time":2.73274341,"remaining_time":2.375188198},
{"learn":[0.05210944305],"iteration":535,"passed_time":2.737508744,"remaining_time":2.369783689},
{"learn":[0.05205728107],"iteration":536,"passed_time":2.741815511,"remaining_time":2.363986186},
{"learn":[0.05199630911],"iteration":537,"passed_time":2.746074855,"remaining_time":2.3581535},
{"learn":[0.05193854706],"iteration":538,"passed_time":2.750087787,"remaining_time":2.3521159},
{"learn":[0.05188894981],"iteration":539,"passed_time":2.754990199,"remaining_time":2.346843503},
{"learn":[0.05183172017],"iteration":540,"passed_time":2.759606498,"remaining_time":2.341329728},
{"learn":[0.05177477256],"iteration":541,"passed_time":2.763915097,"remaining_time":2.335559252},
{"learn":[0.0517307668],"iteration":542,"passed_time":2.769874852,"remaining_time":2.331183807},
{"learn":[0.05166015334],"iteration":543,"passed_time":2.775279969,"remaining_time":2.326337621},
{"learn":[0.05161462062],"iteration":544,"passed_time":2.780886211,"remaining_time":2.321657295},
{"learn":[0.05156926907],"iteration":545,"passed_time":2.786553436,"remaining_time":2.317024286},
{"learn":[0.05151115232],"iteration":546,"passed_time":2.791741381,"remaining_time":2.311990577},
{"learn":[0.05145781591],"iteration":547,"passed_time":2.795995894,"remaining_time":2.306186394},
{"learn":[0.05141220594],"iteration":548,"passed_time":2.800283668,"remaining_time":2.30041518},
{"learn":[0.05136595415],"iteration":549,"passed_time":2.804778908,"remaining_time":2.294819106},
{"learn":[0.05131988754],"iteration":550,"passed_time":2.809124677,"remaining_time":2.289105227},
{"learn":[0.05127400501],"iteration":551,"passed_time":2.813271373,"remaining_time":2.283234738},
{"learn":[0.05122516758],"iteration":552,"passed_time":2.817523329,"remaining_time":2.277455566},
{"learn":[0.05117830649],"iteration":553,"passed_time":2.82166408,"remaining_time":2.271592382},
{"learn":[0.05113453389],"iteration":554,"passed_time":2.825304405,"remaining_time":2.265334162},
{"learn":[0.05108582905],"iteration":555,"passed_time":2.829618412,"remaining_time":2.259623336},
{"learn":[0.05103952306],"iteration":556,"passed_time":2.834050902,"remaining_time":2.254011759},
{"learn":[0.05099193985],"iteration":557,"passed_time":2.838652379,"remaining_time":2.248538264},
{"learn":[0.05093643954],"iteration":558,"passed_time":2.843046244,"remaining_time":2.242904103},
{"learn":[0.05087803509],"iteration":559,"passed_time":2.847564244,"remaining_time":2.237371906},
{"learn":[0.05083663241],"iteration":560,"passed_time":2.851940139,"remaining_time":2.231732123},
{"learn":[0.05077747589],"iteration":561,"passed_time":2.855950278,"remaining_time":2.225811782},
{"learn":[0.05073058743],"iteration":562,"passed_time":2.860441148,"remaining_time":2.220271371},
{"learn":[0.05068389442],"iteration":563,"passed_time":2.864614747,"remaining_time":2.214489415},
{"learn":[0.05063739562],"iteration":564,"passed_time":2.86873041,"remaining_time":2.208668546},
{"learn":[0.05058350463],"iteration":565,"passed_time":2.872817163,"remaining_time":2.202831535},
{"learn":[0.05053571754],"iteration":566,"passed_time":2.877077826,"remaining_time":2.197133507},
{"learn":[0.05047802968],"iteration":567,"passed_time":2.881453777,"remaining_time":2.191528225},
{"learn":[0.05043519931],"iteration":568,"passed_time":2.885675418,"remaining_time":2.185810378},
{"learn":[0.05038171184],"iteration":569,"passed_time":2.890509988,"remaining_time":2.180560166},
{"learn":[0.05033800262],"iteration":570,"passed_time":2.895640133,"remaining_time":2.17553348},
{"learn":[0.05029297582],"iteration":571,"passed_time":2.901035264,"remaining_time":2.170704708},
{"learn":[0.05023958072],"iteration":572,"passed_time":2.905574426,"remaining_time":2.165236091},
{"learn":[0.05019760766],"iteration":573,"passed_time":2.909840265,"remaining_time":2.159567862},
{"learn":[0.05015652819],"iteration":574,"passed_time":2.914018375,"remaining_time":2.153839669},
{"learn":[0.05011365369],"iteration":575,"passed_time":2.918446576,"remaining_time":2.148300952},
{"learn":[0.05007359168],"iteration":576,"passed_time":2.922590336,"remaining_time":2.14255756},
{"learn":[0.05003222535],"iteration":577,"passed_time":2.92693686,"remaining_time":2.136967742},
{"learn":[0.04998100513],"iteration":578,"passed_time":2.93104751,"remaining_time":2.131210711},
{"learn":[0.0499430783],"iteration":579,"passed_time":2.935325353,"remaining_time":2.125580428},
{"learn":[0.04989962609],"iteration":580,"passed_time":2.939873126,"remaining_time":2.120149466},
{"learn":[0.04985888382],"iteration":581,"passed_time":2.944370304,"remaining_time":2.114685201},
{"learn":[0.04981829515],"iteration":582,"passed_time":2.948832178,"remaining_time":2.109199002},
{"learn":[0.04977172793],"iteration":583,"passed_time":2.953054295,"remaining_time":2.103545525},
{"learn":[0.04973282796],"iteration":584,"passed_time":2.957041943,"remaining_time":2.097730609},
{"learn":[0.04969338144],"iteration":585,"passed_time":2.961959762,"remaining_time":2.092579081},
{"learn":[0.04965085395],"iteration":586,"passed_time":2.966998588,"remaining_time":2.087513487},
{"learn":[0.04960126828],"iteration":587,"passed_time":2.971649129,"remaining_time":2.082175921},
{"learn":[0.04954793024],"iteration":588,"passed_time":2.97605278,"remaining_time":2.076668408},
{"learn":[0.04950526734],"iteration":589,"passed_time":2.980785606,"remaining_time":2.071393387},
{"learn":[0.04945238467],"iteration":590,"passed_time":2.985405734,"remaining_time":2.066042209},
{"learn":[0.04941048517],"iteration":591,"passed_time":2.990236582,"remaining_time":2.060838725},
{"learn":[0.04936384019],"iteration":592,"passed_time":2.994609963,"remaining_time":2.055322521},
{"learn":[0.04931788512],"iteration":593,"passed_time":2.9993204,"remaining_time":2.050040543},
{"learn":[0.04927673792],"iteration":594,"passed_time":3.00394707,"remaining_time":2.044703468},
{"learn":[0.04923548305],"iteration":595,"passed_time":3.008138841,"remaining_time":2.039073979},
{"learn":[0.04919456805],"iteration":596,"passed_time":3.012398733,"remaining_time":2.033495292},
{"learn":[0.04914881713],"iteration":597,"passed_time":3.01667435,"remaining_time":2.027931587},
{"learn":[0.04910140859],"iteration":598,"passed_time":3.020759552,"remaining_time":2.022244708},
{"learn":[0.04906325692],"iteration":599,"passed_time":3.0245628,"remaining_time":2.0163752},
{"learn":[0.04902279008],"iteration":600,"passed_time":3.029240462,"remaining_time":2.011093085},
{"learn":[0.0489731696],"iteration":601,"passed_time":3.033659499,"remaining_time":2.005641994},
{"learn":[0.04893689075],"iteration":602,"passed_time":3.037829915,"remaining_time":2.000030641},
{"learn":[0.04889943584],"iteration":603,"passed_time":3.042312221,"remaining_time":1.994628542},
{"learn":[0.04885914459],"iteration":604,"passed_time":3.046694988,"remaining_time":1.989164496},
{"learn":[0.04881024136],"iteration":605,"passed_time":3.050805617,"remaining_time":1.983527084},
{"learn":[0.04877691028],"iteration":606,"passed_time":3.054918801,"remaining_time":1.977896357},
{"learn":[0.04872837484],"iteration":607,"passed_time":3.059347551,"remaining_time":1.972474079},
{"learn":[0.04868912494],"iteration":608,"passed_time":3.064183186,"remaining_time":1.967316298},
{"learn":[0.04865357079],"iteration":609,"passed_time":3.068709207,"remaining_time":1.961961624},
{"learn":[0.04861706032],"iteration":610,"passed_time":3.073535929,"remaining_time":1.956801107},
{"learn":[0.04857185954],"iteration":611,"passed_time":3.078104585,"remaining_time":1.95147807},
{"learn":[0.04853624925],"iteration":612,"passed_time":3.082635262,"remaining_time":1.946133518},
{"learn":[0.04849138886],"iteration":613,"passed_time":3.087049884,"remaining_time":1.940718657},
{"learn":[0.04845311939],"iteration":614,"passed_time":3.091622363,"remaining_time":1.935405869},
{"learn":[0.04841348147],"iteration":615,"passed_time":3.096111246,"remaining_time":1.930043374},
{"learn":[0.04837764699],"iteration":616,"passed_time":3.100678676,"remaining_time":1.924732468},
{"learn":[0.04833964792],"iteration":617,"passed_time":3.105269863,"remaining_time":1.919438653},
{"learn":[0.04829773483],"iteration":618,"passed_time":3.109552865,"remaining_time":1.913957418},
{"learn":[0.04826241279],"iteration":619,"passed_time":3.114334176,"remaining_time":1.908785463},
{"learn":[0.04822721523],"iteration":620,"passed_time":3.118502242,"remaining_time":1.903240499},
{"learn":[0.04819214151],"iteration":621,"passed_time":3.122944525,"remaining_time":1.897866608},
{"learn":[0.04815494278],"iteration":622,"passed_time":3.127566297,"remaining_time":1.892604324},
{"learn":[0.04811727062],"iteration":623,"passed_time":3.132228326,"remaining_time":1.88736835},
{"learn":[0.04807175645],"iteration":624,"passed_time":3.136825768,"remaining_time":1.882095461},
{"learn":[0.04803723184],"iteration":625,"passed_time":3.141299779,"remaining_time":1.876750986},
{"learn":[0.04800278075],"iteration":626,"passed_time":3.146232127,"remaining_time":1.871681951},
{"learn":[0.04796478346],"iteration":627,"passed_time":3.150779367,"remaining_time":1.86638523},
{"learn":[0.04791972231],"iteration":628,"passed_time":3.155136074,"remaining_time":1.860978511},
{"learn":[0.04787901776],"iteration":629,"passed_time":3.15989587,"remaining_time":1.85581186},
{"learn":[0.04784273556],"iteration":630,"passed_time":3.164966849,"remaining_time":1.850828474},
{"learn":[0.04780948951],"iteration":631,"passed_time":3.169338112,"remaining_time":1.845437381},
{"learn":[0.04777687591],"iteration":632,"passed_time":3.173488182,"remaining_time":1.839921268},
{"learn":[0.04774384391],"iteration":633,"passed_time":3.178115263,"remaining_time":1.834684837},
{"learn":[0.04770820712],"iteration":634,"passed_time":3.182827448,"remaining_time":1.829499241},
{"learn":[0.04767267536],"iteration":635,"passed_time":3.187459279,"remaining_time":1.824269147},
{"learn":[0.04763941327],"iteration":636,"passed_time":3.192074675,"remaining_time":1.819031565},
{"learn":[0.04760413014],"iteration":637,"passed_time":3.196794551,"remaining_time":1.813855216},
{"learn":[0.04756879577],"iteration":638,"passed_time":3.201093903,"remaining_time":1.808442721},
{"learn":[0.04753359019],"iteration":639,"passed_time":3.205766625,"remaining_time":1.803243727},
{"learn":[0.04749272934],"iteration":640,"passed_time":3.211118831,"remaining_time":1.798426927},
{"learn":[0.04745778617],"iteration":641,"passed_time":3.216834465,"remaining_time":1.793811119},
{"learn":[0.04742296965],"iteration":642,"passed_time":3.221998387,"remaining_time":1.788885574},
{"learn":[0.04738842453],"iteration":643,"passed_time":3.226847361,"remaining_time":1.783785187},
{"learn":[0.04735817644],"iteration":644,"passed_time":3.23133193,"remaining_time":1.778485016},
{"learn":[0.04732487376],"iteration":645,"passed_time":3.235695058,"remaining_time":1.773120821},
{"learn":[0.04729051245],"iteration":646,"passed_time":3.240176001,"remaining_time":1.767824001},
{"learn":[0.04725847512],"iteration":647,"passed_time":3.244959035,"remaining_time":1.762693797},
{"learn":[0.04721541811],"iteration":648,"passed_time":3.249336281,"remaining_time":1.7573452},
{"learn":[0.04716756018],"iteration":649,"passed_time":3.254135245,"remaining_time":1.75222667},
{"learn":[0.04713387926],"iteration":650,"passed_time":3.258457183,"remaining_time":1.74685339},
{"learn":[0.04710233553],"iteration":651,"passed_time":3.263329902,"remaining_time":1.74177731},
{"learn":[0.04707175705],"iteration":652,"passed_time":3.267325672,"remaining_time":1.736235847},
{"learn":[0.04703824953],"iteration":653,"passed_time":3.27139257,"remaining_time":1.730736742},
{"learn":[0.04699928616],"iteration":654,"passed_time":3.276175267,"remaining_time":1.725619034},
{"learn":[0.04696816182],"iteration":655,"passed_time":3.280887672,"remaining_time":1.720465487},
{"learn":[0.04692947491],"iteration":656,"passed_time":3.285179402,"remaining_time":1.715093661},
{"learn":[0.04688867051],"iteration":657,"passed_time":3.289215367,"remaining_time":1.709592182},
{"learn":[0.0468578843],"iteration":658,"passed_time":3.293979397,"remaining_time":1.704471888},
{"learn":[0.04682771088],"iteration":659,"passed_time":3.298292403,"remaining_time":1.699120329},
{"learn":[0.04679104641],"iteration":660,"passed_time":3.302307793,"remaining_time":1.693619277},
{"learn":[0.04675845802],"iteration":661,"passed_time":3.30663626,"remaining_time":1.688282562},
{"learn":[0.04672205485],"iteration":662,"passed_time":3.311290195,"remaining_time":1.683114322},
{"learn":[0.04667648095],"iteration":663,"passed_time":3.316029827,"remaining_time":1.677990997},
{"learn":[0.0466403378],"iteration":664,"passed_time":3.320335371,"remaining_time":1.672650149},
{"learn":[0.04661081524],"iteration":665,"passed_time":3.325058006,"remaining_time":1.667521582},
{"learn":[0.04657881137],"iteration":666,"passed_time":3.329324701,"remaining_time":1.662166605},
{"learn":[0.04654574543],"iteration":667,"passed_time":3.333667741,"remaining_time":1.65685283},
{"learn":[0.04651600719],"iteration":668,"passed_time":3.338061645,"remaining_time":1.651567122},
{"learn":[0.04648726021],"iteration":669,"passed_time":3.342878092,"remaining_time":1.646492195},
{"learn":[0.04645579736],"iteration":670,"passed_time":3.347484126,"remaining_time":1.64131487},
{"learn":[0.04642533347],"iteration":671,"passed_time":3.351932365,"remaining_time":1.636062226},
{"learn":[0.04638652642],"iteration":672,"passed_time":3.357202647,"remaining_time":1.63121139},
{"learn":[0.0463500478],"iteration":673,"passed_time":3.362223193,"remaining_time":1.626238518},
{"learn":[0.04632138114],"iteration":674,"passed_time":3.36691835,"remaining_time":1.621108835},
{"learn":[0.04629030816],"iteration":675,"passed_time":3.371647179,"remaining_time":1.615996577},
{"learn":[0.046254943],"iteration":676,"passed_time":3.376088105,"remaining_time":1.610748092},
{"learn":[0.04622607832],"iteration":677,"passed_time":3.380382555,"remaining_time":1.605432423},
{"learn":[0.04619730606],"iteration":678,"passed_time":3.384741761,"remaining_time":1.600150376},
{"learn":[0.04616662867],"iteration":679,"passed_time":3.389258291,"remaining_time":1.594945078},
{"learn":[0.04613605581],"iteration":680,"passed_time":3.39371174,"remaining_time":1.589712254},
{"learn":[0.04610048943],"iteration":681,"passed_time":3.398057069,"remaining_time":1.584431302},
{"learn":[0.04607111909],"iteration":682,"passed_time":3.402515325,"remaining_time":1.579205502},
{"learn":[0.04604184701],"iteration":683,"passed_time":3.40706878,"remaining_time":1.574025927},
{"learn":[0.04601361975],"iteration":684,"passed_time":3.411747332,"remaining_time":1.568905707},
{"learn":[0.0459835342],"iteration":685,"passed_time":3.416191204,"remaining_time":1.563679356},
{"learn":[0.04594852423],"iteration":686,"passed_time":3.420338636,"remaining_time":1.558320223},
{"learn":[0.04591429489],"iteration":687,"passed_time":3.425105665,"remaining_time":1.553245592},
{"learn":[0.04588451843],"iteration":688,"passed_time":3.429374403,"remaining_time":1.547946936},
{"learn":[0.04585484195],"iteration":689,"passed_time":3.434180693,"remaining_time":1.542892775},
{"learn":[0.04582622561],"iteration":690,"passed_time":3.438704196,"remaining_time":1.537712875},
{"learn":[0.04579673829],"iteration":691,"passed_time":3.443524745,"remaining_time":1.532667083},
{"learn":[0.04576740158],"iteration":692,"passed_time":3.447691436,"remaining_time":1.527332281},
{"learn":[0.04573810497],"iteration":693,"passed_time":3.452075175,"remaining_time":1.522096547},
{"learn":[0.04571252611],"iteration":694,"passed_time":3.45698579,"remaining_time":1.517094483},
{"learn":[0.04568351292],"iteration":695,"passed_time":3.461501645,"remaining_time":1.511920259},
{"learn":[0.04565633408],"iteration":696,"passed_time":3.466056425,"remaining_time":1.506764845},
{"learn":[0.04562750508],"iteration":697,"passed_time":3.470304989,"remaining_time":1.501478663},
{"learn":[0.04559877117],"iteration":698,"passed_time":3.474774604,"remaining_time":1.496290638},
{"learn":[0.04557013188],"iteration":699,"passed_time":3.47915627,"remaining_time":1.491066973},
{"learn":[0.04554150109],"iteration":700,"passed_time":3.48360975,"remaining_time":1.485876341},
{"learn":[0.04550608606],"iteration":701,"passed_time":3.488167114,"remaining_time":1.480731909},
{"learn":[0.04547943079],"iteration":702,"passed_time":3.49246344,"remaining_time":1.475478864},
{"learn":[0.04545285758],"iteration":703,"passed_time":3.497005734,"remaining_time":1.470331957},
{"learn":[0.04542679392],"iteration":704,"passed_time":3.501392889,"remaining_time":1.465121847},
{"learn":[0.04539860049],"iteration":705,"passed_time":3.506101944,"remaining_time":1.460048118},
{"learn":[0.045366255],"iteration":706,"passed_time":3.510469007,"remaining_time":1.45483369},
{"learn":[0.04533819398],"iteration":707,"passed_time":3.514398151,"remaining_time":1.449441045},
{"learn":[0.04530443401],"iteration":708,"passed_time":3.518315956,"remaining_time":1.444047875},
{"learn":[0.04527669422],"iteration":709,"passed_time":3.523124536,"remaining_time":1.439022698},
{"learn":[0.04524904421],"iteration":710,"passed_time":3.528101014,"remaining_time":1.434066375},
{"learn":[0.04522313294],"iteration":711,"passed_time":3.532714154,"remaining_time":1.428963029},
{"learn":[0.04519204263],"iteration":712,"passed_time":3.537514192,"remaining_time":1.423936288},
{"learn":[0.04516450864],"iteration":713,"passed_time":3.541854825,"remaining_time":1.418726162},
{"learn":[0.04513239568],"iteration":714,"passed_time":3.546116511,"remaining_time":1.413487001},
{"learn":[0.04510517932],"iteration":715,"passed_time":3.55062569,"remaining_time":1.408348737},
{"learn":[0.04507795476],"iteration":716,"passed_time":3.555452488,"remaining_time":1.403337593},
{"learn":[0.04505320022],"iteration":717,"passed_time":3.560528143,"remaining_time":1.398424702},
{"learn":[0.04502825218],"iteration":718,"passed_time":3.565314533,"remaining_time":1.393398308},
{"learn":[0.0450036815],"iteration":719,"passed_time":3.570390082,"remaining_time":1.388485032},
{"learn":[0.04497846547],"iteration":720,"passed_time":3.57547344,"remaining_time":1.383574327},
{"learn":[0.04495373099],"iteration":721,"passed_time":3.580203832,"remaining_time":1.378527237},
{"learn":[0.04492906946],"iteration":722,"passed_time":3.585141679,"remaining_time":1.373560505},
{"learn":[0.04489590396],"iteration":723,"passed_time":3.590104115,"remaining_time":1.368603226},
{"learn":[0.04487140097],"iteration":724,"passed_time":3.595204043,"remaining_time":1.363698085},
{"learn":[0.04484029722],"iteration":725,"passed_time":3.599941,"remaining_time":1.358655419},
{"learn":[0.04481554519],"iteration":726,"passed_time":3.604724198,"remaining_time":1.353630957},
{"learn":[0.04479075186],"iteration":727,"passed_time":3.609269248,"remaining_time":1.348518181},
{"learn":[0.04476614169],"iteration":728,"passed_time":3.614117424,"remaining_time":1.343519646},
{"learn":[0.04473987519],"iteration":729,"passed_time":3.618855889,"remaining_time":1.338480945},
{"learn":[0.0447136916],"iteration":730,"passed_time":3.623224904,"remaining_time":1.333307112},
{"learn":[0.04468759051],"iteration":731,"passed_time":3.627324818,"remaining_time":1.328036955},
{"learn":[0.04466171093],"iteration":732,"passed_time":3.631919599,"remaining_time":1.32295025},
{"learn":[0.04461632821],"iteration":733,"passed_time":3.636880597,"remaining_time":1.317997601},
{"learn":[0.04459065296],"iteration":734,"passed_time":3.641270627,"remaining_time":1.31283907},
{"learn":[0.04456494007],"iteration":735,"passed_time":3.645941806,"remaining_time":1.307783474},
{"learn":[0.04454095025],"iteration":736,"passed_time":3.650329862,"remaining_time":1.302627888},
{"learn":[0.04451147729],"iteration":737,"passed_time":3.655012086,"remaining_time":1.297578817},
{"learn":[0.04448596379],"iteration":738,"passed_time":3.659663236,"remaining_time":1.292519763},
{"learn":[0.04446052969],"iteration":739,"passed_time":3.663900279,"remaining_time":1.287316314},
{"learn":[0.04443810224],"iteration":740,"passed_time":3.668666859,"remaining_time":1.282300562},
{"learn":[0.04441294516],"iteration":741,"passed_time":3.672987366,"remaining_time":1.277130378},
{"learn":[0.04438773071],"iteration":742,"passed_time":3.677472537,"remaining_time":1.272019438},
{"learn":[0.04436259427],"iteration":743,"passed_time":3.681653171,"remaining_time":1.266805392},
{"learn":[0.0443389959],"iteration":744,"passed_time":3.686064882,"remaining_time":1.261673215},
{"learn":[0.04431347566],"iteration":745,"passed_time":3.690533589,"remaining_time":1.256562375},
{"learn":[0.04429016119],"iteration":746,"passed_time":3.695012643,"remaining_time":1.251456758},
{"learn":[0.04426531105],"iteration":747,"passed_time":3.699769705,"remaining_time":1.246446478},
{"learn":[0.04423734006],"iteration":748,"passed_time":3.704383946,"remaining_time":1.241389013},
{"learn":[0.04421264308],"iteration":749,"passed_time":3.709033618,"remaining_time":1.236344539},
{"learn":[0.04418484751],"iteration":750,"passed_time":3.713382972,"remaining_time":1.231201545},
{"learn":[0.0441571501],"iteration":751,"passed_time":3.718262385,"remaining_time":1.226235468},
{"learn":[0.04413461996],"iteration":752,"passed_time":3.72272382,"remaining_time":1.221132515},
{"learn":[0.04411032716],"iteration":753,"passed_time":3.727181183,"remaining_time":1.216029935},
{"learn":[0.04408790664],"iteration":754,"passed_time":3.731817603,"remaining_time":1.210987169},
{"learn":[0.04406434847],"iteration":755,"passed_time":3.736230743,"remaining_time":1.205873415},
{"learn":[0.04404170351],"iteration":756,"passed_time":3.740613262,"remaining_time":1.200751681},
{"learn":[0.04401912297],"iteration":757,"passed_time":3.744602031,"remaining_time":1.195506189},
{"learn":[0.04399517246],"iteration":758,"passed_time":3.749458194,"remaining_time":1.190539426},
{"learn":[0.04396699442],"iteration":759,"passed_time":3.754666509,"remaining_time":1.185684161},
{"learn":[0.04394497629],"iteration":760,"passed_time":3.759421849,"remaining_time":1.180685706},
{"learn":[0.04392266045],"iteration":761,"passed_time":3.764116935,"remaining_time":1.175669069},
{"learn":[0.04389885954],"iteration":762,"passed_time":3.768698763,"remaining_time":1.170618096},
{"learn":[0.04387201458],"iteration":763,"passed_time":3.773000418,"remaining_time":1.165481805},
{"learn":[0.0438498905],"iteration":764,"passed_time":3.777479089,"remaining_time":1.160402073},
{"learn":[0.04382627881],"iteration":765,"passed_time":3.782386864,"remaining_time":1.155454995},
{"learn":[0.04380273787],"iteration":766,"passed_time":3.786797219,"remaining_time":1.150356913},
{"learn":[0.04378079746],"iteration":767,"passed_time":3.790746051,"remaining_time":1.145121203},
{"learn":[0.04375752294],"iteration":768,"passed_time":3.795466361,"remaining_time":1.140120584},
{"learn":[0.04373570787],"iteration":769,"passed_time":3.80044343,"remaining_time":1.135197388},
{"learn":[0.04370837214],"iteration":770,"passed_time":3.804726695,"remaining_time":1.130067981},
{"learn":[0.04368516076],"iteration":771,"passed_time":3.80930506,"remaining_time":1.125027919},
{"learn":[0.04365799335],"iteration":772,"passed_time":3.813636137,"remaining_time":1.119916434},
{"learn":[0.04363559482],"iteration":773,"passed_time":3.818384963,"remaining_time":1.114928943},
{"learn":[0.04361272223],"iteration":774,"passed_time":3.822188331,"remaining_time":1.10966758},
{"learn":[0.0435874676],"iteration":775,"passed_time":3.826807923,"remaining_time":1.104645586},
{"learn":[0.04356747667],"iteration":776,"passed_time":3.831379607,"remaining_time":1.099610878},
{"learn":[0.04354616117],"iteration":777,"passed_time":3.835482151,"remaining_time":1.094443493},
{"learn":[0.04352340176],"iteration":778,"passed_time":3.839660597,"remaining_time":1.089300375},
{"learn":[0.04350253624],"iteration":779,"passed_time":3.843680442,"remaining_time":1.084114996},
{"learn":[0.04348172741],"iteration":780,"passed_time":3.848611583,"remaining_time":1.079188139},
{"learn":[0.04345929265],"iteration":781,"passed_time":3.852711197,"remaining_time":1.074029464},
{"learn":[0.04343676426],"iteration":782,"passed_time":3.85729768,"remaining_time":1.069008425},
{"learn":[0.04341430184],"iteration":783,"passed_time":3.861582199,"remaining_time":1.0639053},
{"learn":[0.04339338927],"iteration":784,"passed_time":3.865928344,"remaining_time":1.058821139},
{"learn":[0.04337169451],"iteration":785,"passed_time":3.871202317,"remaining_time":1.05399147},
{"learn":[0.04335089332],"iteration":786,"passed_time":3.876300822,"remaining_time":1.049113183},
{"learn":[0.04333047482],"iteration":787,"passed_time":3.881526261,"remaining_time":1.044268486},
{"learn":[0.04330894915],"iteration":788,"passed_time":3.886395296,"remaining_time":1.039327513},
{"learn":[0.0432868365],"iteration":789,"passed_time":3.890917862,"remaining_time":1.034294622},
{"learn":[0.04326189835],"iteration":790,"passed_time":3.895763658,"remaining_time":1.029348425},
{"learn":[0.0432405555],"iteration":791,"passed_time":3.900434548,"remaining_time":1.024356548},
{"learn":[0.04321862807],"iteration":792,"passed_time":3.905110441,"remaining_time":1.019366786},
{"learn":[0.04319587466],"iteration":793,"passed_time":3.909351711,"remaining_time":1.014265054},
{"learn":[0.04317422282],"iteration":794,"passed_time":3.91410607,"remaining_time":1.009297792},
{"learn":[0.04315387884],"iteration":795,"passed_time":3.918545967,"remaining_time":1.004250474},
{"learn":[0.0431323468],"iteration":796,"passed_time":3.923084973,"remaining_time":0.999229924},
{"learn":[0.04310691443],"iteration":797,"passed_time":3.927639721,"remaining_time":0.9942145661},
{"learn":[0.04308004276],"iteration":798,"passed_time":3.931842575,"remaining_time":0.9891118367},
{"learn":[0.04305478191],"iteration":799,"passed_time":3.93636096,"remaining_time":0.9840902401},
{"learn":[0.04302960574],"iteration":800,"passed_time":3.94030462,"remaining_time":0.9789271154},
{"learn":[0.0430045138],"iteration":801,"passed_time":3.944954092,"remaining_time":0.9739412845},
{"learn":[0.04298321591],"iteration":802,"passed_time":3.949162451,"remaining_time":0.9688480733},
{"learn":[0.0429619787],"iteration":803,"passed_time":3.954022349,"remaining_time":0.9639158961},
{"learn":[0.04293984184],"iteration":804,"passed_time":3.959072888,"remaining_time":0.9590300784},
{"learn":[0.04291596289],"iteration":805,"passed_time":3.96386502,"remaining_time":0.954081655},
{"learn":[0.04289676617],"iteration":806,"passed_time":3.968544637,"remaining_time":0.9491067101},
{"learn":[0.04287575],"iteration":807,"passed_time":3.973122093,"remaining_time":0.94410822},
{"learn":[0.04285493736],"iteration":808,"passed_time":3.977856573,"remaining_time":0.9391478436},
{"learn":[0.04283542624],"iteration":809,"passed_time":3.982527406,"remaining_time":0.9341730952},
{"learn":[0.04281093482],"iteration":810,"passed_time":3.987089957,"remaining_time":0.9291738617},
{"learn":[0.04279014646],"iteration":811,"passed_time":3.991270848,"remaining_time":0.9240873392},
{"learn":[0.04276372793],"iteration":812,"passed_time":3.99576304,"remaining_time":0.9190746475},
{"learn":[0.04274320916],"iteration":813,"passed_time":3.999951586,"remaining_time":0.9139938512},
{"learn":[0.04272260135],"iteration":814,"passed_time":4.004331195,"remaining_time":0.9089586147},
{"learn":[0.04270341509],"iteration":815,"passed_time":4.008848077,"remaining_time":0.903955939},
{"learn":[0.04268291421],"iteration":816,"passed_time":4.013216795,"remaining_time":0.8989212649},
{"learn":[0.04266305898],"iteration":817,"passed_time":4.01771702,"remaining_time":0.8939174788},
{"learn":[0.04264401972],"iteration":818,"passed_time":4.022132522,"remaining_time":0.8888961984},
{"learn":[0.04262367164],"iteration":819,"passed_time":4.026795878,"remaining_time":0.8839308026},
{"learn":[0.04260473084],"iteration":820,"passed_time":4.031237455,"remaining_time":0.8789177886},
{"learn":[0.04258463733],"iteration":821,"passed_time":4.035328076,"remaining_time":0.8738301673},
{"learn":[0.04256090327],"iteration":822,"passed_time":4.039443653,"remaining_time":0.868750336},
{"learn":[0.04254092325],"iteration":823,"passed_time":4.044262282,"remaining_time":0.8638230118},
{"learn":[0.04252142809],"iteration":824,"passed_time":4.048750022,"remaining_time":0.8588257622},
{"learn":[0.04250302841],"iteration":825,"passed_time":4.053043764,"remaining_time":0.85378888},
{"learn":[0.04247954034],"iteration":826,"passed_time":4.056809251,"remaining_time":0.8486432896},
{"learn":[0.04246121766],"iteration":827,"passed_time":4.061179676,"remaining_time":0.843626696},
{"learn":[0.04244294447],"iteration":828,"passed_time":4.065572351,"remaining_time":0.838616251},
{"learn":[0.04242564129],"iteration":829,"passed_time":4.069790931,"remaining_time":0.8335716364},
{"learn":[0.0424019484],"iteration":830,"passed_time":4.074538282,"remaining_time":0.8286365459},
{"learn":[0.04237792601],"iteration":831,"passed_time":4.078742878,"remaining_time":0.823592312},
{"learn":[0.04235958548],"iteration":832,"passed_time":4.082868941,"remaining_time":0.8185343495},
{"learn":[0.04234157425],"iteration":833,"passed_time":4.086554849,"remaining_time":0.813391013},
{"learn":[0.04232332635],"iteration":834,"passed_time":4.091120586,"remaining_time":0.808425026},
{"learn":[0.04230379542],"iteration":835,"passed_time":4.095429159,"remaining_time":0.8034095479},
{"learn":[0.04228176078],"iteration":836,"passed_time":4.09980833,"remaining_time":0.7984095074},
{"learn":[0.0422639357],"iteration":837,"passed_time":4.104054937,"remaining_time":0.793385322},
{"learn":[0.04224472305],"iteration":838,"passed_time":4.108593705,"remaining_time":0.7884190542},
{"learn":[0.04222539309],"iteration":839,"passed_time":4.112898465,"remaining_time":0.7834092315},
{"learn":[0.04219903603],"iteration":840,"passed_time":4.119299606,"remaining_time":0.7787974285},
{"learn":[0.04218250453],"iteration":841,"passed_time":4.125950289,"remaining_time":0.7742282015},
{"learn":[0.04216097653],"iteration":842,"passed_time":4.132112507,"remaining_time":0.7695630647},
{"learn":[0.04214343443],"iteration":843,"passed_time":4.137791905,"remaining_time":0.7648051389},
{"learn":[0.04212101632],"iteration":844,"passed_time":4.143009408,"remaining_time":0.7599603055},
{"learn":[0.04210465668],"iteration":845,"passed_time":4.148032484,"remaining_time":0.7550791993},
{"learn":[0.04208568506],"iteration":846,"passed_time":4.153413315,"remaining_time":0.7502623816},
{"learn":[0.04206804751],"iteration":847,"passed_time":4.158346985,"remaining_time":0.7453640823},
{"learn":[0.0420504544],"iteration":848,"passed_time":4.162989734,"remaining_time":0.7404139574},
{"learn":[0.04202913968],"iteration":849,"passed_time":4.167908912,"remaining_time":0.7355133373},
{"learn":[0.04200624482],"iteration":850,"passed_time":4.17272292,"remaining_time":0.7305942597},
{"learn":[0.04198879467],"iteration":851,"passed_time":4.178284525,"remaining_time":0.7258052931},
{"learn":[0.04197011096],"iteration":852,"passed_time":4.183556145,"remaining_time":0.7209645408},
{"learn":[0.04195163558],"iteration":853,"passed_time":4.189405691,"remaining_time":0.7162215818},
{"learn":[0.04193304823],"iteration":854,"passed_time":4.195040521,"remaining_time":0.7114396206},
{"learn":[0.04191577242],"iteration":855,"passed_time":4.200850686,"remaining_time":0.7066851621},
{"learn":[0.04189402015],"iteration":856,"passed_time":4.206584476,"remaining_time":0.7019154959},
{"learn":[0.04187163628],"iteration":857,"passed_time":4.212442797,"remaining_time":0.6971641925},
{"learn":[0.04185377045],"iteration":858,"passed_time":4.217505442,"remaining_time":0.6922797058},
{"learn":[0.04183220123],"iteration":859,"passed_time":4.223208174,"remaining_time":0.687499005},
{"learn":[0.0418116609],"iteration":860,"passed_time":4.228577663,"remaining_time":0.6826623638},
{"learn":[0.04179341687],"iteration":861,"passed_time":4.234666678,"remaining_time":0.6779396771},
{"learn":[0.04177161749],"iteration":862,"passed_time":4.242063105,"remaining_time":0.6734213736},
{"learn":[0.04175466996],"iteration":863,"passed_time":4.24790662,"remaining_time":0.668651968},
{"learn":[0.04173758713],"iteration":864,"passed_time":4.253373029,"remaining_time":0.6638212242},
{"learn":[0.04172075751],"iteration":865,"passed_time":4.260145119,"remaining_time":0.6591910461},
{"learn":[0.04170274256],"iteration":866,"passed_time":4.265128719,"remaining_time":0.6542815682},
{"learn":[0.0416849237],"iteration":867,"passed_time":4.270832848,"remaining_time":0.6494814931},
{"learn":[0.04166750442],"iteration":868,"passed_time":4.277295436,"remaining_time":0.6447936734},
{"learn":[0.04165083879],"iteration":869,"passed_time":4.282316254,"remaining_time":0.6398863368},
{"learn":[0.04163446697],"iteration":870,"passed_time":4.287979748,"remaining_time":0.6350739237},
{"learn":[0.0416143091],"iteration":871,"passed_time":4.294029793,"remaining_time":0.6303162999},
{"learn":[0.04159343084],"iteration":872,"passed_time":4.299195941,"remaining_time":0.62542713},
{"learn":[0.0415757259],"iteration":873,"passed_time":4.304750612,"remaining_time":0.6205933376},
{"learn":[0.04155927065],"iteration":874,"passed_time":4.310864026,"remaining_time":0.615837718},
{"learn":[0.04153676759],"iteration":875,"passed_time":4.316334245,"remaining_time":0.6109879525},
{"learn":[0.0415203669],"iteration":876,"passed_time":4.322233348,"remaining_time":0.6061969234},
{"learn":[0.0415028101],"iteration":877,"passed_time":4.327861327,"remaining_time":0.6013656969},
{"learn":[0.04148048269],"iteration":878,"passed_time":4.334287793,"remaining_time":0.5966425745},
{"learn":[0.04146305447],"iteration":879,"passed_time":4.340260938,"remaining_time":0.5918537643},
{"learn":[0.04144581629],"iteration":880,"passed_time":4.345380736,"remaining_time":0.5869470007},
{"learn":[0.04142844249],"iteration":881,"passed_time":4.351926413,"remaining_time":0.5822305179},
{"learn":[0.04140872488],"iteration":882,"passed_time":4.358118726,"remaining_time":0.5774630702},
{"learn":[0.04139195019],"iteration":883,"passed_time":4.3634894,"remaining_time":0.5725845819},
{"learn":[0.04137615241],"iteration":884,"passed_time":4.368590279,"remaining_time":0.5676699233},
{"learn":[0.04136014792],"iteration":885,"passed_time":4.373680206,"remaining_time":0.5627534351},
{"learn":[0.0413430092],"iteration":886,"passed_time":4.37929243,"remaining_time":0.5579030942},
{"learn":[0.04132165154],"iteration":887,"passed_time":4.384711464,"remaining_time":0.5530266711},
{"learn":[0.04130290222],"iteration":888,"passed_time":4.389611973,"remaining_time":0.5480842846},
{"learn":[0.04128590271],"iteration":889,"passed_time":4.394930519,"remaining_time":0.5431936596},
{"learn":[0.04126894666],"iteration":890,"passed_time":4.399760938,"remaining_time":0.5382423594},
{"learn":[0.04125217472],"iteration":891,"passed_time":4.404098555,"remaining_time":0.5332316636},
{"learn":[0.04123318543],"iteration":892,"passed_time":4.408610503,"remaining_time":0.5282433638},
{"learn":[0.04121635607],"iteration":893,"passed_time":4.413215652,"remaining_time":0.5232671802},
{"learn":[0.04120094394],"iteration":894,"passed_time":4.417935819,"remaining_time":0.5183053196},
{"learn":[0.04118121867],"iteration":895,"passed_time":4.422431489,"remaining_time":0.5133179407},
{"learn":[0.04116451335],"iteration":896,"passed_time":4.427353972,"remaining_time":0.5083806679},
{"learn":[0.04114527314],"iteration":897,"passed_time":4.431615701,"remaining_time":0.5033683759},
{"learn":[0.04112865564],"iteration":898,"passed_time":4.437063027,"remaining_time":0.4984909519},
{"learn":[0.04111208014],"iteration":899,"passed_time":4.442852036,"remaining_time":0.4936502263},
{"learn":[0.04109554649],"iteration":900,"passed_time":4.448578975,"remaining_time":0.4888005755},
{"learn":[0.04107549047],"iteration":901,"passed_time":4.45400111,"remaining_time":0.4839158634},
{"learn":[0.04106014741],"iteration":902,"passed_time":4.458549723,"remaining_time":0.4789361275},
{"learn":[0.04104147163],"iteration":903,"passed_time":4.463295753,"remaining_time":0.47397831},
{"learn":[0.04102102006],"iteration":904,"passed_time":4.467945798,"remaining_time":0.4690108849},
{"learn":[0.04100482436],"iteration":905,"passed_time":4.472603233,"remaining_time":0.464044927},
{"learn":[0.04098986655],"iteration":906,"passed_time":4.477184051,"remaining_time":0.4590717935},
{"learn":[0.04097361925],"iteration":907,"passed_time":4.482309007,"remaining_time":0.4541546571},
{"learn":[0.04095850013],"iteration":908,"passed_time":4.486958941,"remaining_time":0.449189509},
{"learn":[0.04094375401],"iteration":909,"passed_time":4.491204161,"remaining_time":0.4441850269},
{"learn":[0.0409289308],"iteration":910,"passed_time":4.495944669,"remaining_time":0.4392305988},
{"learn":[0.04091414176],"iteration":911,"passed_time":4.500737515,"remaining_time":0.43428169},
{"learn":[0.04089915763],"iteration":912,"passed_time":4.505538625,"remaining_time":0.4293339106},
{"learn":[0.04088312323],"iteration":913,"passed_time":4.509900566,"remaining_time":0.4243451299},
{"learn":[0.04086849444],"iteration":914,"passed_time":4.514377024,"remaining_time":0.4193683575},
{"learn":[0.04085383731],"iteration":915,"passed_time":4.518702241,"remaining_time":0.4143788081},
{"learn":[0.04083898727],"iteration":916,"passed_time":4.523062774,"remaining_time":0.4093939043},
{"learn":[0.04082024816],"iteration":917,"passed_time":4.527271667,"remaining_time":0.4043968156},
{"learn":[0.04080439572],"iteration":918,"passed_time":4.531820558,"remaining_time":0.3994314093},
{"learn":[0.04079060374],"iteration":919,"passed_time":4.536099175,"remaining_time":0.3944434065},
{"learn":[0.04077523148],"iteration":920,"passed_time":4.540293438,"remaining_time":0.3894497086},
{"learn":[0.04076077583],"iteration":921,"passed_time":4.544871157,"remaining_time":0.3844901846},
{"learn":[0.0407450613],"iteration":922,"passed_time":4.549412816,"remaining_time":0.3795284798},
{"learn":[0.04073139191],"iteration":923,"passed_time":4.554281663,"remaining_time":0.3745945957},
{"learn":[0.040711348],"iteration":924,"passed_time":4.558790399,"remaining_time":0.369631654},
{"learn":[0.04069794904],"iteration":925,"passed_time":4.563380333,"remaining_time":0.3646761821},
{"learn":[0.04068371005],"iteration":926,"passed_time":4.567873126,"remaining_time":0.3597138492},
{"learn":[0.04066817308],"iteration":927,"passed_time":4.572257231,"remaining_time":0.3547440955},
{"learn":[0.04065372527],"iteration":928,"passed_time":4.576837118,"remaining_time":0.3497905655},
{"learn":[0.04063437296],"iteration":929,"passed_time":4.58095746,"remaining_time":0.3448032497},
{"learn":[0.04061461294],"iteration":930,"passed_time":4.585428189,"remaining_time":0.3398437648},
{"learn":[0.04060059428],"iteration":931,"passed_time":4.590015863,"remaining_time":0.3348938612},
{"learn":[0.04058093513],"iteration":932,"passed_time":4.594583225,"remaining_time":0.3299432755},
{"learn":[0.04056563496],"iteration":933,"passed_time":4.598958024,"remaining_time":0.3249799032},
{"learn":[0.04055161692],"iteration":934,"passed_time":4.603167058,"remaining_time":0.3200062661},
{"learn":[0.04053740172],"iteration":935,"passed_time":4.607610825,"remaining_time":0.3150503128},
{"learn":[0.04052349423],"iteration":936,"passed_time":4.612010572,"remaining_time":0.3100924931},
{"learn":[0.04050832713],"iteration":937,"passed_time":4.616434567,"remaining_time":0.305137466},
{"learn":[0.04049319667],"iteration":938,"passed_time":4.620591364,"remaining_time":0.3001662121},
{"learn":[0.04047624936],"iteration":939,"passed_time":4.624822062,"remaining_time":0.2952014082},
{"learn":[0.04046119336],"iteration":940,"passed_time":4.628950872,"remaining_time":0.2902317763},
{"learn":[0.04044232637],"iteration":941,"passed_time":4.633479918,"remaining_time":0.2852885725},
{"learn":[0.04042772325],"iteration":942,"passed_time":4.637772403,"remaining_time":0.280331948},
{"learn":[0.04041377095],"iteration":943,"passed_time":4.641974682,"remaining_time":0.2753713795},
{"learn":[0.04039885605],"iteration":944,"passed_time":4.646005056,"remaining_time":0.2704024107},
{"learn":[0.04038496574],"iteration":945,"passed_time":4.650647883,"remaining_time":0.2654703865},
{"learn":[0.04037048963],"iteration":946,"passed_time":4.654866653,"remaining_time":0.2605152403},
{"learn":[0.04035567334],"iteration":947,"passed_time":4.659023793,"remaining_time":0.2555582671},
{"learn":[0.04034188224],"iteration":948,"passed_time":4.662882071,"remaining_time":0.2505869185},
{"learn":[0.04032832032],"iteration":949,"passed_time":4.667128711,"remaining_time":0.2456383532},
{"learn":[0.04031370718],"iteration":950,"passed_time":4.670976385,"remaining_time":0.2406707076},
{"learn":[0.04029999771],"iteration":951,"passed_time":4.675299953,"remaining_time":0.2357294094},
{"learn":[0.04028631882],"iteration":952,"passed_time":4.679976674,"remaining_time":0.2308068244},
{"learn":[0.04027298137],"iteration":953,"passed_time":4.684657078,"remaining_time":0.2258849325},
{"learn":[0.04025936],"iteration":954,"passed_time":4.688868918,"remaining_time":0.2209414673},
{"learn":[0.04024066396],"iteration":955,"passed_time":4.693444465,"remaining_time":0.2160162724},
{"learn":[0.04022606159],"iteration":956,"passed_time":4.697539806,"remaining_time":0.2110702316},
{"learn":[0.04021253696],"iteration":957,"passed_time":4.701498273,"remaining_time":0.2061199661},
{"learn":[0.04019818507],"iteration":958,"passed_time":4.705706618,"remaining_time":0.2011824519},
{"learn":[0.04018375324],"iteration":959,"passed_time":4.709818544,"remaining_time":0.1962424393},
{"learn":[0.04017031882],"iteration":960,"passed_time":4.714362698,"remaining_time":0.1913216912},
{"learn":[0.04015396151],"iteration":961,"passed_time":4.718440724,"remaining_time":0.1863833134},
{"learn":[0.04013955141],"iteration":962,"passed_time":4.723216135,"remaining_time":0.1814735171},
{"learn":[0.04012620812],"iteration":963,"passed_time":4.727814617,"remaining_time":0.1765573923},
{"learn":[0.04010989779],"iteration":964,"passed_time":4.731752727,"remaining_time":0.1716179746},
{"learn":[0.04009661573],"iteration":965,"passed_time":4.735986816,"remaining_time":0.1666910474},
{"learn":[0.04008421625],"iteration":966,"passed_time":4.74024626,"remaining_time":0.1617664184},
{"learn":[0.04007099055],"iteration":967,"passed_time":4.744549997,"remaining_time":0.156844628},
{"learn":[0.04005779383],"iteration":968,"passed_time":4.749272426,"remaining_time":0.151937508},
{"learn":[0.0400400904],"iteration":969,"passed_time":4.75411608,"remaining_time":0.1470345179},
{"learn":[0.04002600197],"iteration":970,"passed_time":4.758742541,"remaining_time":0.1421251634},
{"learn":[0.04001194637],"iteration":971,"passed_time":4.763281236,"remaining_time":0.1372138628},
{"learn":[0.03999792348],"iteration":972,"passed_time":4.767715814,"remaining_time":0.1323004388},
{"learn":[0.03998487325],"iteration":973,"passed_time":4.772920044,"remaining_time":0.1274085433},
{"learn":[0.0399709107],"iteration":974,"passed_time":4.777854271,"remaining_time":0.1225090839},
{"learn":[0.03995690141],"iteration":975,"passed_time":4.782766605,"remaining_time":0.1176090149},
{"learn":[0.03994300185],"iteration":976,"passed_time":4.787555727,"remaining_time":0.1127060202},
{"learn":[0.03992659529],"iteration":977,"passed_time":4.792544798,"remaining_time":0.1078077562},
{"learn":[0.03990881976],"iteration":978,"passed_time":4.796912435,"remaining_time":0.1028959767},
{"learn":[0.03989145057],"iteration":979,"passed_time":4.801645204,"remaining_time":0.09799275927},
{"learn":[0.03987769164],"iteration":980,"passed_time":4.806067572,"remaining_time":0.09308387754},
{"learn":[0.0398639644],"iteration":981,"passed_time":4.810345164,"remaining_time":0.08817333294},
{"learn":[0.03985018906],"iteration":982,"passed_time":4.814740608,"remaining_time":0.08326611428},
{"learn":[0.03983684689],"iteration":983,"passed_time":4.819074136,"remaining_time":0.07835892904},
{"learn":[0.03982313227],"iteration":984,"passed_time":4.823383953,"remaining_time":0.07345254751},
{"learn":[0.03981061659],"iteration":985,"passed_time":4.827589119,"remaining_time":0.06854589012},
{"learn":[0.03979793784],"iteration":986,"passed_time":4.831917552,"remaining_time":0.06364227778},
{"learn":[0.03978550795],"iteration":987,"passed_time":4.835927065,"remaining_time":0.05873595625},
{"learn":[0.03977008943],"iteration":988,"passed_time":4.840421147,"remaining_time":0.05383683784},
{"learn":[0.03975471222],"iteration":989,"passed_time":4.844813422,"remaining_time":0.04893750931},
{"learn":[0.03974124644],"iteration":990,"passed_time":4.849176609,"remaining_time":0.04403893994},
{"learn":[0.03972773553],"iteration":991,"passed_time":4.853370464,"remaining_time":0.03914008438},
{"learn":[0.03971293158],"iteration":992,"passed_time":4.857477964,"remaining_time":0.03424204003},
{"learn":[0.03969372676],"iteration":993,"passed_time":4.861616972,"remaining_time":0.02934577649},
{"learn":[0.03968127963],"iteration":994,"passed_time":4.865950114,"remaining_time":0.02445201062},
{"learn":[0.03966806957],"iteration":995,"passed_time":4.870668931,"remaining_time":0.0195609194},
{"learn":[0.03965235796],"iteration":996,"passed_time":4.875188287,"remaining_time":0.01466957358},
{"learn":[0.03963605804],"iteration":997,"passed_time":4.879488784,"remaining_time":0.009778534637},
{"learn":[0.03962100636],"iteration":998,"passed_time":4.883506679,"remaining_time":0.004888395074},
{"learn":[0.03960541899],"iteration":999,"passed_time":4.887748736,"remaining_time":0}
]}